"topico","candidato","desde","hasta","texto","fecha_debate","link"
"economía, inflación y trabajo","Del Caño","12M 54S","13M 30S","dice que el ajuste lo va a pagar la casta quieren arruinar más a los trabajadores te mienten otros ya gobernaron con macri Ajustando y endeudando Rossi masa no pueden ocultar que con su gobierno porque son ministros de este gobierno los trabajadores son más pobres y los ricos son más ricos para que el ajuste No lo pagues vos de tu voz de tu bolsillo lo tienen que pagar los que se llenaron de plata los grandes empresarios los bancos el fmi sus políticos si unimos la fuerza de la clase trabajadora podemos dar vuelta a la historia bien gracias Nicolás del","2023-09-20","https://www.youtube.com/watch?v=NLb9WkfrvUY"
"economía, inflación y trabajo","Del Caño","17M 55S","18M 55S","trabajadores y jubilados Nadie puede cobrar menos de lo que cuesta una canasta familiar siempre los salarios tienen que estar por encima de la inflación seguro muchos de ustedes trabajan trabajan y no llegan a fin de mes vos te ajustas mientras los grandes empresarios ganan hay que ajustarlos a ellos a las empresas que te matan con los tarifazos mientras amasan fortunas a las grandes empresas de alimentos que junto a las cadenas de supermercados te remarcan y te aumentan todos los días y vos te tenés que elegir que comprar y que no a los bancos a todos esos que ganaron fortunas encima el fmi pide más devaluación recortes a los jubilados a la salud a la educación estos candidatos son con sus Cómplices están sometidos al fondo monetario internacional la izquierda no no somos ni Cómplices ni sometidos bien gracias Ahí se cumplió su","2023-09-20","https://www.youtube.com/watch?v=NLb9WkfrvUY"
"economía, inflación y trabajo","Del Caño","22M 34S","23M 10S","Bueno uno de los temas fundamentales que preocupa es el empleo porque hay muchos trabajadores informales muchos changarines Entonces nosotros venimos insistiendo con una propuesta que realmente es de Avanzada no como los que quieren mantener la actual jornada de ocho horas de hace 100 años y te hablan de modernizar nosotros proponemos reducir la jornada laboral a seis horas cinco días a la semana sin rebajas salarial con un salario igual a la canasta familiar y repartir las horas de trabajo para que todas las trabajadoras y los trabajadores tengan trabajo con derechos con derecho a vacaciones aguinaldo con derecho a enfermarse muy","2023-09-20","https://www.youtube.com/watch?v=NLb9WkfrvUY"
"economía, inflación y trabajo","Del Caño","27M 3S","28M 10S","conseguir las reglas del fondo monetario internacional han votado al fondo el que armó el acuerdo [Música] son responsables de la inflación y de haber reconocido la deuda que nos dejó macri nosotros dejaron esa deuda ustedes reconocieron nosotros tenemos la responsabilidad de gestionar [Música] otra cosa quiero decir otra cosa porque villarruel no se conoce de qué trabajo yo elaborado en laburos informales un montón de veces muchos años de mi vida después me eligieron diputado de la nación con orgullo en la provincia de Mendoza y después en la provincia de Buenos Aires y nuestras listas están llenas de laburantes y de trabajadores y no de negacionistas Defensores de los genocidas como vos Así que orgullo laburantes que trabajan todos los días trabajan todos los días y están en todas las luchas","2023-09-20","https://www.youtube.com/watch?v=NLb9WkfrvUY"
"economía, inflación y trabajo","Del Caño","31M 45S","32M 20S","propuesta con respecto a la vivienda nosotros proponemos un impuesto a la vivienda ociosa porque hay más de 3 millones de viviendas vacías en la Argentina y acá nos no se pone un impuesto a la vivienda ociosa para que obligar a los grandes grupos inmobiliarios a poner en alquiler esos inmuebles y que la gente tenga acceso al alquiler porque la gente está sufriendo porque no puede pagar el alquiler por eso Lo importante","2023-09-20","https://www.youtube.com/watch?v=NLb9WkfrvUY"
"economía, inflación y trabajo","Del Caño","38M 10S","39M 13S","unos te dicen que con el Dios mercado se arregla todo y hasta piden la libre venta de órganos este plan se aplicó en los 90 concabalo y terminó en la catástrofe del 2001 otros de chamuyan con el estado presente mientras ajustan a los trabajadores que muchos están sin derechos y ajustan todo como les pide el fondo con más Mercado o más estado estos candidatos defienden que el poder lo tengan los grandes empresarios ese poder económico que tiene más de 400.000 millones de dólares en los paraísos fiscales mientras acá nos faltan viviendas hospitales de todo nosotros somos socialistas y estamos convencidos de que el poder lo tienen que tener las trabajadoras y los trabajadores la única clase que hace funcionar al funcionar al país y que tiene la capacidad para gobernar y reorganizarlo desde abajo esa clase es la que tiene que gobernar si nos unimos si unimos a la clase trabajadora podemos cambiar la historia Victoria villarroel","2023-09-20","https://www.youtube.com/watch?v=NLb9WkfrvUY"
"economía, inflación y trabajo","Del Caño","1H 33M 6S","1H 33M 32S","2019 ustedes hicieron un pacto con el kirchnerismo en Mendoza para modificar la ley siete Siete veintidós que protege el agua del uso de las sustancias tóxicas también el presidente de tu partido Gerardo Morales avanza con la entrega del litio y sobre los territorios de las comunidades originarias en Jujuy entonces quería preguntarte si verdaderamente a ustedes les importa la destrucción ambiental O solamente defienden las ganancias de las empresas vos sabés bien ni posición nosotros","2023-09-20","https://www.youtube.com/watch?v=NLb9WkfrvUY"
"economía, inflación y trabajo","Del Caño","1H 34M 33S","1H 35M 12S","del litio si esos recursos quedaran en la provincia permitiría en muy poco tiempo resolver el problema habitacional y que todas las personas en Jujuy y toda la familia tengan un techo O sea primero están entregando y segundo quiero decirte que en Mendoza quedó muy claro que el agua vale más que el oro que la gente salió a la calle vos pedís un plebiscito pero realmente lo que se vieron en el 2019 es que todo el pueblo salió a la calle y dijo que el agua vale más que el oro y no hay licencia Social para avanzar con la mega minería contaminante eso quedó muy muy claro en el 2019 y hace años no como también en chubut en otras provincias yo fui muy claro","2023-09-20","https://www.youtube.com/watch?v=NLb9WkfrvUY"
"economía, inflación y trabajo","Del Caño","1H 38M 4S","1H 38M 58S","sometidos al fondo monetario internacional que quiere seguir hundiendo el país y arruinando a las familias trabajadoras a tu familia por eso te planteamos que no aceptes la resignación con el fondo monetario internacional No hay mal menor Nosotros siempre enfrentamos a estos candidatos sometidos al fondo monetario y lo vamos a seguir haciendo Aunque a ellos no les guste vamos a dar pelea junto al pueblo trabajador superando las divisiones que imponen esos dirigentes sindicales atornillados a sus sillones te pedimos que votes al frente de izquierda para conquistar más diputadas y diputados que nos votes para hacernos más fuertes en el congreso y en las calles vota Miriam breckman en todo el país para darle un fuerte mensaje a los dueños del poder ni Cómplices ni sometidos bien muy bien [Música]","2023-09-20","https://www.youtube.com/watch?v=NLb9WkfrvUY"
"economía, inflación y trabajo","Petri","16M 47S","17M 48S","todos los supermercados y almacenes de barrio de este país están remarcando el precio de algún alimento de hecho mañana los vas a encontrar más caros Qué ha hecho el killerismo para impedir esto nada de hecho ha trabajado para que mañana haya más inflación en la República Argentina todos los días imprime cuatro mil millones de pesos más emisión es más inflación y más pobreza por eso digámoslo sin eufemismos para terminar con la inflación primero hay que terminar con el kircherismo que es una máquina de generar pobreza y de poner palos a los que producen en este país y después hacer lo que hicieron todos los países del mundo que estabilizaron su economía con un presupuesto sin déficit que ajuste a la política con un Banco Central independiente que deje de ser el cajero automático del descontrol del gobierno sin cepos que terminan siendo un cerrojo a todos los que quieren producir y trabajar de eso se trata el orden que vamos a imponer con Patricia Gracias Luis petri","2023-09-20","https://www.youtube.com/watch?v=NLb9WkfrvUY"
"economía, inflación y trabajo","Petri","22M 0S","22M 30S","federal y progresista Rosy el kircherismo está quemando las naves con los argentinos adentro no solamente están rifando electrodomésticos y automóviles están rifando el futuro de los argentinos lo que hicieron ayer es vergonzoso por beneficiar a los jerarcas sindicales perjudicaron a 47 millones de argentinos que van a sufrir la inflación de la medida que acaban de tomar bien muy bien","2023-09-20","https://www.youtube.com/watch?v=NLb9WkfrvUY"
"economía, inflación y trabajo","Petri","24M 10S","25M 3S","esto el cristianismo te roba con los impuestos te roba con inflación y te roba por corrupción tenemos un 124% de inflación que coloca los argentinos cada día más en la pobreza tenemos Desde que asumió la gestión de Alberto Fernández crearon y aumentaron 27 impuestos nuevos y la República Argentina está entre las diez los diez países con más alta presión tributaria y te roban por corrupción la actual vicepresidenta de la nación está condenada seis años y tiene un embargo de 87,000 millones de pesos con un presidente Perdón termino con esto con un presidente que prometió llenarle la heladera a los argentinos prometió devolverle los asados y este es el precio de los asados que tenemos al día de hoy quién prometió pagarle a los","2023-09-20","https://www.youtube.com/watch?v=NLb9WkfrvUY"
"economía, inflación y trabajo","Petri","30M 31S","31M 12S","donde la Argentina y los argentinos están sufriendo por la inflación en un momento donde los argentinos están sufriendo por la altísima presión impositiva donde prácticamente están asfixiadas las economías regionales Yo vengo de Mendoza y como Mendoza todas las economías regionales prácticamente están viviendo La Tormenta perfecta porque tienen cepo cambiario porque tienen restricciones a las importaciones y no pueden adquirir insumos porque tienen restricciones a las exportaciones porque tienen una altísima inflación porque no pueden contratar cosechadores porque compiten con los planes sociales Esos son los problemas urgentes que tenemos para resolver regionales","2023-09-20","https://www.youtube.com/watch?v=NLb9WkfrvUY"
"economía, inflación y trabajo","Petri","34M 4S","34M 20S","inflación vamos a seguir teniendo seis de cada diez chicos pobres y como informó la cepal hoy 4 millones de chicos un millón Perdón se está salteando una comida estamos hipotecando el futuro con esta inflación bien gracias gracias","2023-09-20","https://www.youtube.com/watch?v=NLb9WkfrvUY"
"economía, inflación y trabajo","Petri","1H 33M 32S","1H 34M 32S","creemos que hay que hacer minería en la República Argentina pero minería con licencia social minería con controles minería que sea sustentablemente ambientable vos pensás un solo dato tenemos más de 40 por ciento de pobres en la Argentina y exportamos 3.500 millones de dólares en recursos mineros del otro lado de la Cordillera en Chile exporta 43.000 millones dólares y una de las palancas que sin lugar a dudas tiene la República Argentina para generar inversión para generar trabajo de calidad es la minería es el litio por ejemplo te doy un dato para que conozcas mientras que la República Argentina exporta 750 millones de dólares en litio en Chile están exportando siete mil quinientos sabes que es eso es más trabajo es menos pobreza es más calidad de vida para los argentinos primero","2023-09-20","https://www.youtube.com/watch?v=NLb9WkfrvUY"
"economía, inflación y trabajo","Petri","1H 35M 12S","1H 36M 46S","y lo expresé públicamente Y vos lo sabés yo dije Esto no es con Diez mil personas que se manifiesten esto es llamando un referéndum porque vos sabés porque estuviste en Mendoza que malargüe sí hay licencias social y por eso nosotros decimos es con la minería es con vaca muerta es con el campo es con nuestros recursos marítimos y es con cada una de las economías regionales Pero y la manzana en Río negro con la Yerba mate y el té en misiones y corrientes con la vitivinicultura en Mendoza en San Juan en 16 provincias más que se produce estás de acuerdo tenemos que recuperar las economías regionales y el aparato productivo de nuestro país Si queremos bajar el desempleo Y si queremos erradicar la pobreza porque este desempleo que decía recién es un desempleo autoconstruido a partir de que lo tapan con planes con el fondo monetario No me digas que quieren solucionar el problema Nos llevaron al fondo monetario internacional monetario internacional [Música]","2023-09-20","https://www.youtube.com/watch?v=NLb9WkfrvUY"
"economía, inflación y trabajo","Randazzo","15M 35S","16M 40S","inflación es el principal problema que tiene la Argentina y es el peor impuesto que le podés cobrar a una persona o a una empresa los países que tienen una inflación superior al 20% no crece en la Argentina no crece del año 2011 sin embargo vemos como los países de la región todos a todos absolutamente todos tienen una inflación anual similar a la que Argentina tiene semanal esto es responsabilidad tanto del macrismo como del kirchnerismo sin ninguna duda que no han sido capaces de resolverlo para resolverlo necesitamos hacer cuatro cosas diferente a lo que hace este gobierno no tener déficit fiscal tener más exportaciones que importaciones tener un Banco Central que no emita y que esté en manos de la oposición y cuarto tener trabajo formal y un plan de estabilización de precios acordado con la oposición con los sindicatos y con los empresarios básicamente para qué Para estabilizar el tipo de cambio la tasa de interés los salarios y las tarifas en la economía está todo inventado sobre todo en una economía de Mercado hay leyes que hay que respetar si no las respetamos pasa lo que pasa en Argentina muy bien el","2023-09-20","https://www.youtube.com/watch?v=NLb9WkfrvUY"
"economía, inflación y trabajo","Randazzo","21M 8S","21M 52S","plantear que una vez resuelto el corto plazo con una Macro estable debemos trabajar en un plan de desarrollo a largo plazo cosa que en la Argentina se habla demasiado poco eso implica primero trabajar solo sobre los factores de la producción que básicamente tienen que ver con el capital humano la inversión el ahorro y el capital el segundo componente que creo que es fundamental es aumentar la productividad la Argentina puede aumentar los salarios es capaz de producir la misma cantidad de bienes y servicios con bueno y de la competitividad la Argentina tiene que poder competir en el mercado internacional digamos sin que eso signifique una devaluación","2023-09-20","https://www.youtube.com/watch?v=NLb9WkfrvUY"
"economía, inflación y trabajo","Randazzo","28M 23S","29M 14S","la función pública un ejercicio de compromiso con la sociedad y hemos transformado cosas y mejorados cosas como el caso que de quién te habla el documento el pasaporte la sube los tres de la agencia Vial y todo sin ningún tipo de causa con total transparencia y con ahorro para el estado Por otra parte cuando se discute acá la grieta está claro que la la inflación de macri fue 293% y la acumulada de Fernández lleva 481% para dar algunos ejemplos la leche cuando subimos macri valía 16 se fue 40 la más de 400 el azúcar varía 12 fin del 2019 45 ahora 770 deuda 91 mil millones de dólares no endeudo macri y este gobierno lleva 90 mil millones de dólares de deuda de qué estamos hablando terminemos con esta grieta porque la grieta no nos va a ayudar a resolver Ninguno de los problemas que tiene la Argentina sí lo","2023-09-20","https://www.youtube.com/watch?v=NLb9WkfrvUY"
"economía, inflación y trabajo","Randazzo","28M 41S","29M 9S","claro que la la inflación de macri fue 293% y la acumulada de Fernández lleva 481% para dar algunos ejemplos la leche cuando subimos macri valía 16 se fue 40 la más de 400 el azúcar varía 12 fin del 2019 45 ahora 770 deuda 91 mil millones de dólares no endeudo macri y este gobierno lleva 90 mil millones de dólares de deuda de qué estamos hablando terminemos con esta","2023-09-20","https://www.youtube.com/watch?v=NLb9WkfrvUY"
"economía, inflación y trabajo","Randazzo","33M 30S","34M 2S","me parece que es fundamental el tema de comprender el daño que hace la inflación en Argentina y eso tiene solución como lo resolvieron el resto de los países del mundo para dar dos tres datos nomás hoy el salario mínimo en América Latina es el más bajo señores el crédito por el sector privado Perdón la Argentina tiene diez puntos cuando por ejemplo Perú tiene 47 Paraguay 50 y terminó el crédito para la vivienda en la Argentina es 0.2 del producto y Uruguay tiene el 4 Brasil el diez Bolivia al once si no resuena tenemos que cerrar lo importante","2023-09-20","https://www.youtube.com/watch?v=NLb9WkfrvUY"
"economía, inflación y trabajo","Randazzo","33M 31S","34M 3S","comprender el daño que hace la inflación en Argentina y eso tiene solución como lo resolvieron el resto de los países del mundo para dar dos tres datos nomás hoy el salario mínimo en América Latina es el más bajo señores el crédito por el sector privado Perdón la Argentina tiene diez puntos cuando por ejemplo Perú tiene 47 Paraguay 50 y terminó el crédito para la vivienda en la Argentina es 0.2 del producto y Uruguay tiene el 4 Brasil el diez Bolivia al once si no resuena tenemos que cerrar lo importante","2023-09-20","https://www.youtube.com/watch?v=NLb9WkfrvUY"
"economía, inflación y trabajo","Randazzo","55M 17S","55M 38S","ajuste a los que menos tienen Lo que implica que la Argentina por ejemplo deje de pagar por mes 5.500 millones de dólares con eso podríamos pagarle 500 mil pesos por ejemplo a cada jubilado y pensionado hoy podríamos hacer 114 mil viviendas por mes qué es lo que estamos esperando para que la economía argentina se ordene de una vez por todas y eso es posible gracias Bueno los asesores un","2023-09-20","https://www.youtube.com/watch?v=NLb9WkfrvUY"
"economía, inflación y trabajo","Randazzo","1H 30M 46S","1H 31M 22S","el mundo invierte en investigación y desarrollo por ejemplo Argentina invierte cero cinco el producto Brasil 08 latinoamérica Dos punto cinco y los países más desarrollados invierten muchísimo por ejemplo tiene 1202 investigadores cada un millón de habitantes Israel que ustedes lo usan como modelo tiene cuatro mil quinientos y Estados Unidos tiene ocho mil Por qué Proponen en realidad cerrar las instituciones de las características del conice por ejemplo cuando en realidad perdón cuando en realidad eso va a mejorar la productividad y la posibilidad de hacer en Argentina mucho más competitiva a nosotros nos interesa","2023-09-20","https://www.youtube.com/watch?v=NLb9WkfrvUY"
"economía, inflación y trabajo","Rossi","14M 20S","15M 28S","decisión histórica trascendente que cambia el paradigma eliminó el impuesto a las ganancias para todos los trabajadores en relación de dependencia junto con esto empezamos a devolverle la totalidad del IVA a todos aquellos productos de las canastas básicas para los trabajadores que ganen menos de 770 mil pesos los jubilados los pensionados los monostributistas y los titulares de planes sociales hoy conocimos el indicador de desocupación 6,2%, una de las desocupaciones más bajas de los últimos años esto significa que en muchas regiones de la Argentina hay pleno empleo la importancia que tiene la generación de empleo en la Argentina hemos mandado un proyecto de ley al congreso para fomentar la para seguir fomentando la creación de empleo el primer empleo va a tener la exhibición de las cargas Patronales durante 48 meses durante dos años para todos aquellos que tengan el primer empleo hablo de trabajo porque estoy convencido que los candidatos de la derecha de la ultraderecha de este tema no van a hablar bien muy bien","2023-09-20","https://www.youtube.com/watch?v=NLb9WkfrvUY"
"economía, inflación y trabajo","Rossi","20M 28S","21M 1S","crecimiento del empleo asalariado del sector privado 36 meses consecutivos la serie más larga de los últimos desde que se mide este desde que se mide este indicador Y fíjense ustedes las principales actividades económicas que han empujado este crecimiento han sido hotelería y gastronomía y construcción o sorpresa las dos apalancadas con políticas públicas que lleva adelante el estado nacional el plan previaje y las políticas de obra pública y de que construcción de","2023-09-20","https://www.youtube.com/watch?v=NLb9WkfrvUY"
"economía, inflación y trabajo","Rossi","29M 15S","29M 42S","que quiero decir claramente para para el caso de villarroel su papá es militar a Los sueldos los militares se lo pagamos del Estado ha vivido toda su vida del Estado villarroel porque vivió de su papá que le pagábamos Los sueldos del Estado después cuando te pidió su retiro tenía la el retiro y ahora la mamá tiene la pensión que todos se la pagamos del Estado Entonces de qué habla que nosotros somos Perdón la carta del Estado argentino","2023-09-20","https://www.youtube.com/watch?v=NLb9WkfrvUY"
"economía, inflación y trabajo","Rossi","31M 10S","31M 20S","tenemos para resolver regionales","2023-09-20","https://www.youtube.com/watch?v=NLb9WkfrvUY"
"economía, inflación y trabajo","Rossi","36M 50S","38M 5S","las mujeres las mujeres van a ser las principales perjudicadas de las políticas de achicamiento y de ajuste que plantean los partidos de la derecha y de la ultraderecha nosotros por el contrario creemos que hay que seguir fortaleciendo todas aquellas políticas que acortan la brecha de género que acortan la desigualdad que existe entre hombres y mujeres en la Argentina por ejemplo seguir fortaleciendo las políticas de moratorias previsionales tres de cada cuatro argentinos que se jubilan son mujeres seguir fortaleciendo la compensación de aportes por tareas de por tareas de cuidado fomentar y fortalecer las paritarias de aquellos sectores fuertemente feminizados docentes trabajadoras de casas particulares trabajadoras de casas particulares y sanidad las políticas de licencia que se están debatiendo hoy en el congreso aumento de licencia por paternidad aumento por licencia de maternidad por la maternidad para las tareas de cuidado y para tener más acompañamiento en las tareas de Cuidado Y por último una sola cosita más construimos cien centros de infancia a lo largo y ancho de toda la Argentina y estamos construyendo trescientos centros de infancia más para permitir el trabajo y el desarrollo de la mujer en la","2023-09-20","https://www.youtube.com/watch?v=NLb9WkfrvUY"
"economía, inflación y trabajo","Rossi","53M 10S","54M 25S","la desocupación en la Argentina este este trimestre fue el seis coma dos por ciento es de las más bajas de la serie histórica significa que en algunos de los aglomerados urbanos que se mide la desocupación en Argentina hoy tenemos pleno empleo amen de eso nosotros seguimos fomentando la creación de empleo hemos mandado un proyecto de ley que contempla lo que dice lo que dice el candidato primero [Música] usted no puede monopolizar el debate victimizar no sean autoritarios Déjenme hablar primero no somos autoridades los primeros 48 meses cualquier nuevo empleo no va a pagar aportes Patronales en algún caso una deducción del 100% en otro caso del 50 75% y si toman un empleado que sea titular de un plan social los primeros pagan los primeros lo estamos haciendo está en un proyecto de ley en el congreso los primeros 12 meses los primeros 12 meses el estado el plan social y el resto del salario de convenio Victoria para venir eh Me gustaría simplemente","2023-09-20","https://www.youtube.com/watch?v=NLb9WkfrvUY"
"economía, inflación y trabajo","Rossi","1H 20M 36S","1H 21M 27S","Argentina en materia del sector agropecuario los principales exportaciones agropecuarias argentinas van con china van hacia china e India hemos ingresado recientemente a los brics que es la una de la asociación de comercio más importantes del mundo porque representa casi el 38% del pbi mundial mucho más que el g7 por lo tanto Argentina tiene relaciones diplomáticas con China y ese esa base que vos decís que es una base que es una base militar fue enviado el acuerdo al congreso de la nación al senado de la nación y se aprobó en el seno de la nación por eso está esa base en neuquén tenía 20 segundos más Rosy todavía me preguntabas por la madre del soldador Leo nunca me vas a poner a mí en contra de ninguna víctima Simplemente relaté porque Milán Y qué pasó con Milán bien muy bien Bueno pueden volver a sus","2023-09-20","https://www.youtube.com/watch?v=NLb9WkfrvUY"
"economía, inflación y trabajo","Rossi","1H 39M 7S","1H 40M 11S","como empecé hay dos posibilidades en estas elecciones o vamos hacia el futuro o volvemos hacia el pasado algunos quieren volver al pasado reciente al pasado del macrismo al pasado del endeudamiento de más recesión de más desocupación otro van más atrás reivindican La dictadura reivindican la tortura el robo de bebés quieren privatizar la educación pública privatizar la salud pública quieren no les preocupa que haya una empresa que contamine nuestros ríos ni le preocupan nuestros bosques Nosotros le planteamos junto con Sergio massa un camino distinto un camino de crecimiento con inclusión social con recuperación del Poder adquisitivo del salario con mantenimiento y expansión de los Derechos individuales y colectivos del conjunto de los argentinos créanme hay otro camino posible es con una verdadera proyecto de desarrollo que genere distribución del ingreso es con Sergio más a presidente Gracias Rosi","2023-09-20","https://www.youtube.com/watch?v=NLb9WkfrvUY"
"economía, inflación y trabajo","Villarruel","9M 20S","9M 34S","a trabajar y no te lo impidan 50 tipos en un piquete para que puedas estudiar sin paros ni adoctrinamientos para que tu sueldo valga y no pierda por goleada contra la inflación que cada vez nos hace más pobres para que pueda salir de","2023-09-20","https://www.youtube.com/watch?v=NLb9WkfrvUY"
"economía, inflación y trabajo","Villarruel","19M 1S","20M 6S","inflación obviamente afecta principalmente a los pobres a los niños y a los ancianos Argentina tiene urgentemente que achicar el gasto público que reducir el déficit fiscal y que frenar contundentemente la la emisión monetaria acá Todos sabemos perfectamente que la inflación nos preocupa es una obviedad vas al supermercado y definitivamente ves cómo van remarcando los precios Pero también es parte de las preocupaciones lo que ocurre con el mercado laboral lo difícil en Argentina que es tener un trabajo formal que es contratar y ser contratado porque en el mismo estado además se demoniza la iniciativa privada Entonces el mismo estado desalienta Que vos puedas tener un trabajo formal hoy las pymes están destruidas y representan el 42% del pbi de nuestro país pero qué trabajo van a crear las pymes si hoy por hoy el 43% de las cargas aportes y contribuciones las asumen los que dan","2023-09-20","https://www.youtube.com/watch?v=NLb9WkfrvUY"
"economía, inflación y trabajo","Villarruel","23M 19S","23M 47S","ignorar que hay un 40% de pobres que hay un 20% en la indigencia que hay una emisión monetaria descontrolada de evidentemente vivís en otro planeta en un planeta en el cual tenés un sueldo seguro trabajas en hace más de 20 años y no tenés ni conciencia de lo que está viviendo el pueblo argentino un pueblo argentino que hoy no tiene trabajo no tiene comida no puede alquilar y no puede desarrollar su proyecto de vida en","2023-09-20","https://www.youtube.com/watch?v=NLb9WkfrvUY"
"economía, inflación y trabajo","Villarruel","25M 10S","25M 22S","señores que están acá debatiendo que juntan entre los cuatro setenta y seis años en la función pública De qué manera piensan arreglar de la cual ellos son responsables también lo primero que hay que decir es","2023-09-20","https://www.youtube.com/watch?v=NLb9WkfrvUY"
"economía, inflación y trabajo","Villarruel","1H 31M 23S","1H 32M 27S","que el conicet o como vaya a llamarse En caso de que Juan Javier Miley seamos gobierno realmente investigue las ciencias duras y investigue las cosas que le van a dar relevancia y le van a dar prestigio a nuestro país investigar el ano de Batman las canciones de Ricardo Arjona El pensamiento de Victoria villarroel en las la película del Rey León o si Star Wars era mesiánico no definitivamente eso no es ciencia y no es algo que deba pagar el pueblo argentino con el 40% de pobreza 20% de personas en la total miseria en la indi completa con un índice de inseguridad de inflación que poco menos que nos pone en el último decir del mundo Así que definitivamente el conicet o como se vaya a llamar debe investigar lo que nos interesa a todos los argentinos que es la ciencia cómo se va a resolver el tema del Mal de Chagas enfermedad endémica sin embargo parece que es más interesante preocuparse por cansadas bien Gracias eh","2023-09-20","https://www.youtube.com/watch?v=NLb9WkfrvUY"
"política de seguridad, defensa y justicia.","Del Caño","1H 2M 39S","1H 3M 46S","serio este tema pero ellos no lo quieren hacer no quieren discutir sobre el gran delito por ejemplo en narcotráfico que se organiza desde arriba con las cúpulas policiales con sectores de la Justicia del mismo poder político y de las empresas que controlan los puertos privados de Rosario fíjense que el año pasado encontraron una tonelada y media de cocaína en un puerto privado que controla vicentín ahí por ahí entra y sale la droga pero eso es lo que no quieren discutir hay que nacionalizar los puertos ningún gobierno lo quiso hacer hay que nacionalizar los puertos y que estén bajo control de los trabajadores y después sobre esto de la demagogia permanente de la mano dura quiero decir que lo único que tienen ofrecer para ofrecer muchos acá para esos jóvenes que sienten que su vida no vale nada es mano dura es bala es cárcel nosotros planteamos trabajo Genuino para toda la juventud trabajo con derechos acceso a la educación a la cultura al esparcimiento para que tengan un verdadero futuro todos los jóvenes del país eh Gracias Nicolás Eh bueno ahora","2023-09-20","https://www.youtube.com/watch?v=NLb9WkfrvUY"
"política de seguridad, defensa y justicia.","Del Caño","1H 6M 23S","1H 7M 2S","quiero hablar de algo muy importante porque Victoria villarruel visitaba Videla cuando Estaba preso qué le dijo Videla sobre los desaparecidos qué le dijo sobre los niños apropiados por los genocidas es fue el máximo responsable del genocidio de las torturas le dijo algo sobre esos casi 400 personas que deben tener mi edad y que no saben su verdadera identidad y además Usted tiene que explicar por qué estaba en los cuadernos de contactos de Miguel echecolas uno de los genocidas más siniestros de la última dictadura responsable de la desaparición de Jorge Julio López el caño gracias Bueno ahora vamos a entrar en los ocho minutos","2023-09-20","https://www.youtube.com/watch?v=NLb9WkfrvUY"
"política de seguridad, defensa y justicia.","Del Caño","1H 10M 1S","1H 10M 59S","villarruel no quiere contestar De qué qué qué hacía Qué hablaba con Videla Qué hacían los cuadernos de chocolás las abuelas que siguen buscando a sus nietos las que murieron sin poder encontrarlos la verdad que es muy doloroso y tendría que explicar tendría que dar explicación y quiero decir quiero decir quiero decir otra cosa más porque Rosi habla contra la derecha pero tanto berni como como grabóis dijeron que muchos peronistas incluidos muchos que estaban con masa le armaron las listas a Miley entonces inclusive usted digo porque es importante que contestes a la gente que que nos está escuchando si el más a que le votaba todas las leyes macri el que lo acompañó a davos el que usted criticó porque por favor que había que cerrar el capítulo de los derechos humanos y usted dijo que era de derecha como macri en el 2014 la verdad es que es el principal","2023-09-20","https://www.youtube.com/watch?v=NLb9WkfrvUY"
"política de seguridad, defensa y justicia.","Del Caño","1H 14M 23S","1H 14M 33S","categóricamente y eso la votaron todos todos votaron El Congreso de esa ley y ahí fueron los en Rosario este para hacer sociedades de todo lo que podríamos ponernos de acuerdo en algunas","2023-09-20","https://www.youtube.com/watch?v=NLb9WkfrvUY"
"política de seguridad, defensa y justicia.","Petri","9M 35S","9M 50S","tu casa y no tengas miedo a que te roben o que te maten por un celular es indignante ver como el cristianismo defiende delincuentes y desprotege a las víctimas no va más es Argentina del caos se tiene que terminar pero no podemos ni","2023-09-20","https://www.youtube.com/watch?v=NLb9WkfrvUY"
"política de seguridad, defensa y justicia.","Petri","1H 1M 33S","1H 2M 34S","los delincuentes saben que están en peligro si ganamos con Patricia bullrich les vamos a hacer la vida imposible les vamos a hacer la vida imposible como ellos le hace la vida imposible hoy a todos los argentinos que tienen miedo de salir de sus casas por temor a que nos maten o los roben hoy los únicos que viven seguros en la República Argentina son los delincuentes la delincuencia tiene que ser dejar de ser el negocio más rentable y menos riesgoso de este país y en este caso no se puede ser neutral o se combate al delito o se lo encubre y nosotros con Patricia siempre estuvimos Del mismo lado defendiendo a las víctimas protegiendo a la sociedad y cuidando a quienes nos cuidan por eso vamos a ir contra los narcos vamos a cerrar la puerta giratoria vamos a acelerar los procesos para que haya condena y vamos a generar y exigir condenas ejemplificadoras en cárceles de máxima seguridad donde los presos tengan que trabajar muy bien cierra","2023-09-20","https://www.youtube.com/watch?v=NLb9WkfrvUY"
"política de seguridad, defensa y justicia.","Petri","1H 5M 42S","1H 6M 21S","segundos sí Patricia bullrich detuvo a ciento siete mil narcos yo fui autor de la ley por la cual las condenas se tienen que cumplir en su totalidad donde las perpetuas son perpetuas y donde hay obligación para colocar inhibidores de señal en todas las cárceles algo que no se cumple y coautor de la ley de víctimas ya sabemos que el cristianismo defiende delincuentes ahora yo le quiero preguntar a Victoria villarroel que ha hecho en estos 20 meses como legisladora nacional y se ha presentado algún proyecto de seguridad pero le voy a ahorrar la pregunta La respuesta es cero no ha presentado un solo proyecto de seguridad en el congreso siendo diputada nacional bien muy bien Luis petri","2023-09-20","https://www.youtube.com/watch?v=NLb9WkfrvUY"
"política de seguridad, defensa y justicia.","Petri","1H 10M 59S","1H 11M 53S","problema de los argentinos la inseguridad junto con la inflación y poco se habla ya sabemos presentó ningún proyecto porque ni siquiera me contestó y porque es verdad lo pueden chequear en su registro pero lo que les quiero decir es que con Patricia vamos a combatir al narcotráfico los vamos a ir a buscar vamos a desarmar cada búnker vamos a ir a todos los barrios del país a garantizarle la seguridad a argentinos que hoy están abandonados vamos a implementar un proceso de reformas donde aumentemos las penas por los delitos violentos donde extingamos El dominio porque no alcanza con las penas hay que sacarles la plata Que es el poder de fuego donde custodiamos la hidrovía y la fronteras y donde le garanticemos la seguridad a todos los argentinos cerrando la puerta giratoria que hoy está abierta de par en par gracias a un killerismo que es benevolente y termina aplaudiendo las ideas de historia victimizando sí uno de los grandes problemas que","2023-09-20","https://www.youtube.com/watch?v=NLb9WkfrvUY"
"política de seguridad, defensa y justicia.","Petri","1H 15M 2S","1H 15M 26S","Rosario los organizan dentro de las cárceles porque no han inhibido las señales nosotros vamos a colocar inhibidores de Señales pero también vamos a bajar la edad de imputabilidad de los menores que cometen delitos y una cuestión más en mi barrio a los que no presentan proyectos y en mi pueblo les dicen ñoquis y eso es lo que sos vos después meses de no haber presentado un solo proyecto de seguridad A ver ya","2023-09-20","https://www.youtube.com/watch?v=NLb9WkfrvUY"
"política de seguridad, defensa y justicia.","Petri","1H 22M 8S","1H 22M 28S","frente a los narcos Por qué liberaron zonas porque no custodieron las fronteras Por qué abandonaron las provincias de fronteras Por qué no fueron contra los bunkers Por qué dejaron zonas liberadas Por qué no hicieron nada por Rosario eso simplemente pozos santafesino Por eso","2023-09-20","https://www.youtube.com/watch?v=NLb9WkfrvUY"
"política de seguridad, defensa y justicia.","Petri","1H 23M 37S","1H 24M 35S","la subsecretaría de lucha contra el narcotráfico y abandonaron a Rosario y no lo digo yo inseguridad en Rosario de todas maneras se quedaron calladitos [Música] [Música] por favor el 13 de enero del 2020 les reclamaban gendarmes en Rosario después dijeron que habían abandonado Santa Fe lo dijo perotti el 22 en El 2022 registró Rosario la mayor marca de asesinatos del 2003 Y por último para coronar el dos de marzo del 2023 tu ministro Aníbal Fernández dijo que los narcos habían ganado la batalla nosotros trabajamos contra los narcos en","2023-09-20","https://www.youtube.com/watch?v=NLb9WkfrvUY"
"política de seguridad, defensa y justicia.","Petri","1H 42M 35S","1H 43M 39S","disruptivo que el orden en este momento que vive el país la Argentina tiene solución los problemas que tenemos los argentinos se pueden resolver esta situación definitivamente puede cambiar Y tenemos a Patricia bullrich y tenemos los equipos y fundamentalmente tenemos el coraje para enfrentar a esta Argentina difícil y hay que luchar y no le tenemos miedo a la lucha porque la lucha es el padre de los cambios y el abuelo de la paz que tanto necesita el país y porque Patricia demostró durante toda su vida el coraje a la hora de defender al campo a la hora de combatir a los narcos a la hora de defender a la gendarmería cuando se la querían llevar puesta o en la pandemia cuando salió a defender las libertades individuales de todos los argentinos y por eso creemos que llegó el momento para que Patricia la próxima presidenta de los argentinos es ahora y es para siempre","2023-09-20","https://www.youtube.com/watch?v=NLb9WkfrvUY"
"política de seguridad, defensa y justicia.","Randazzo","57M 57S","58M 59S","exponer es Florencio randazzo con su minuto como es un debate de candidatos a vicepresidentes quiero referirme a la competencia de la fuerza federales que está más con nuestra competencia en ese caso creo que deben recuperar las funciones y misiones para las cuales Fueron creadas por ejemplo la policía federal que ya no tiene la responsabilidad en la ciudad de Buenos Aires debe extenderse en la prevención y el el y el ataque al delito sobre el narcotráfico trata de personas y contrabando gente gendarmería debe recuperar el control de las fronteras porque también es muy importante Por qué por el tráfico de drogas por el tráfico de personas importa también el contrabando y La prefectura Naval también debe regresar a las labores de las fronteras fluviales que son verdaderas autopistas del delito Como así también controlar al mar argentino que está sujeto a la depredación de recursos para eso faltan más agentes y y más y más capital de trabajo bien muy","2023-09-20","https://www.youtube.com/watch?v=NLb9WkfrvUY"
"política de seguridad, defensa y justicia.","Randazzo","1H 3M 52S","1H 4M 25S","la droga en materia de inseguridad por eso es sumamente importante primero controlar la frontera nosotros no fabricamos droga por eso es importante que aquellas instituciones que fueron creadas para determinadas funciones las cumplan segundo hay que mejorar el sistema penitenciario con cárceles de máxima seguridad donde un capo narco nos pueda administrar su cartel a través de un celular Una Cosa increíble Y por último reforzar los mecanismos de investigación de lavado de activos bien Agustín Rossi sus 30 segundos completo","2023-09-20","https://www.youtube.com/watch?v=NLb9WkfrvUY"
"política de seguridad, defensa y justicia.","Randazzo","1H 9M 5S","1H 10M 1S","que va de suyo que es defender la soberanía de malvinas esto está fuera de discusión por eso me parece importante abordar la la inseguridad que si bien es un problema de las provincias sí hace que vivamos con miedo todo porque hemos sido sujeto de robo por cuando entramos en nuestra casa o cuando escuchamos una moto cuando nuestros hijos van a parar el colectivo Entonces qué tenemos que hacer capacitar a la a la fuerza digamos que sea conducida por un civil y que en realidad tenga los recursos suficientes para funcionar la justicia debe funcionar tiene leyes para funcionar No hay mano dura ni ni mano blanda mano justa en la justicia pero que la sociedad tiene que sentir que en realidad el estado los protege de la indefensión de estar todos los días viviendo con miedo y esto es posible resolverlo se resuelve congestión y con eso termino no puede ser que en una comisaría en un patrullero no hace un tomador de huella que identifique la identidad de quien delinque y machete contra una base de datos para saber cuántos delitos cometió del caño por favor sí Es evidente que Victoria","2023-09-20","https://www.youtube.com/watch?v=NLb9WkfrvUY"
"política de seguridad, defensa y justicia.","Randazzo","1H 14M 33S","1H 15M 1S","cosas más que que digamos que polemizar permanentemente una de las cuestiones que deberíamos discutir es la modificación de la ley de excarcelaciones sí vinculada delitos graves para que no quede sujeta a la decisión del juez y el otro el concepto de reincidencia que también la modificación de la ley para que se considere incidente aquel que ha sido condenado haya o no cumplido la pena me parece que son dos cosas que por ejemplo podríamos trabajar en común y tener algún tipo de respuesta que es una cosa que preocupa la sociedad a ver petri sí","2023-09-20","https://www.youtube.com/watch?v=NLb9WkfrvUY"
"política de seguridad, defensa y justicia.","Randazzo","1H 41M 16S","1H 42M 20S","lugares del país y hemos encontrado un sentimiento de resignación de la idea de que todos somos iguales y que la Argentina no tiene oportunidades no somos todos iguales y la Argentina está llena de oportunidades por eso es importante es muy importante que no nos afirmemos en la resignación sino en La Rebeldía frente a la injusticia por eso el próximo 22 de octubre debemos revelarnos para construir un país normal donde el 60% de los pibes no sean pobres un país donde haya trabajo no que el trabajo sea un plan social o un plan o un trabajo informal donde los chicos vayan a la escuela estudien y se capaciten donde la calle no esté ganada por los delincuentes y la gente honesta esté tras las rejas nosotros proponemos un país normal donde el que robaba preso donde el que no trabaja no cobre el que no estudia repite eso es lo que proponemos con Juan esquiarretti para la Argentina bien muy bien Florencio","2023-09-20","https://www.youtube.com/watch?v=NLb9WkfrvUY"
"política de seguridad, defensa y justicia.","Rossi","59M 6S","1H 0M 22S","me voy a perder algunos segundos pero quiero hacer un reconocimiento están presente acá Carlos arnanian y Ricardo Gil lavedra que han sido miembros de la junta militar que juzgó a los comandantes de la dictadura genocida del 76 hasta el 83 un aplauso para ellos creo que está perfectamente permitido Y en segundo lugar Aunque me pierda un poco más también quiero hacer celebrar el reconocimiento que hizo la UNESCO a la ex-esma como patrimonio de la humanidad que también me parece que es merece el reconocimiento fui ministro de defensa en dos oportunidades les voy a contar en lo que me queda segundo bueno los voy a gastar le voy a contar en los que me queda si no utilizaré los 30 sobre los otros de más digamos le voy a contar en lo que me queda lo que lo que hice creamos el fondef es la primera vez en la historia de las fuerzas armadas argentinas que tienen un fondo asignación específica para su equipamiento bien le permite requisitar a las fuerzas armadas y al mismo tiempo generar el desarrollo de la industria para la defensa que es una fuerte generadora de puesto de trabajo en la Argentina Victoria villarroel suyo para la","2023-09-20","https://www.youtube.com/watch?v=NLb9WkfrvUY"
"política de seguridad, defensa y justicia.","Rossi","1H 0M 0S","1H 0M 20S","que hice creamos el fondef es la primera vez en la historia de las fuerzas armadas argentinas que tienen un fondo asignación específica para su equipamiento bien le permite requisitar a las fuerzas armadas y al mismo tiempo generar el desarrollo de la industria para la defensa que es una fuerte generadora de","2023-09-20","https://www.youtube.com/watch?v=NLb9WkfrvUY"
"política de seguridad, defensa y justicia.","Rossi","1H 4M 30S","1H 5M 5S","salario del personal militar durante estos cuatro años de gestión entre el 10 de diciembre del 2019 hasta agosto de este año aumentó el 880 por ciento por arriba del King 400 y pico por ciento de inflación que hubo durante todo este tiempo muy por encima somos el gobierno que más jerarquizó salarialmente al personal militar en Argentina y otra cuestión reabrimos la fábrica militar de azul fan a azul que la había cerrado el macrismo y hoy fan azules está abierta y está exportando pólvora a Perú con un plan de negocio superávitario bien muy","2023-09-20","https://www.youtube.com/watch?v=NLb9WkfrvUY"
"política de seguridad, defensa y justicia.","Rossi","1H 7M 14S","1H 8M 12S","pétense por favor eh en mi gestión como ministro de defensa conduje el despliegue más importante de las fuerzas armadas después la tierra de malvinas que fue el despliegue que se hizo con las fuerzas armadas en apoyo al conjunto de la sociedad Argentina en un momento muy difícil que fue durante la pandemia la verdad es que hemos tenido una respuesta enorme de todo el personal militar y me siento orgulloso de haber conducido fundamentalmente ese proceso otra cuestión malvinas no se puede ser dubitativo en malvinas no se puede ser admirador de tácher decir que le voy a preguntar a los isleños para ver qué voy a hacer despertar los intereses los isleños son una población implantada no son una población originaria los derechos soberanos sobre malvinas son irrenunciables y hay que asumir que tenemos una potencia Imperial instalada en territorio argentino que tiene una base militar allí y hay más soldados británicos que isleños sin duda la reivindicación sobre malvinas malvinas en el corazón de los","2023-09-20","https://www.youtube.com/watch?v=NLb9WkfrvUY"
"política de seguridad, defensa y justicia.","Rossi","1H 13M 18S","1H 14M 18S","hemos que hemos llevado adelante nosotros estos tres años y medio Casi casi cuatro de gestión quiero decir dos o tres cuestiones sobre seguridad la primera de ellas el plan de dolarización es una invitación a que las organizaciones narcos se instalen más importante de América Latina el tren de aragua El Comando vermet El Comando vermelo el primer Comando capital se instalen en la Argentina porque es lo que está pasando en Ecuador te imposibilita desarmar una de las rutas que es ver cómo circula el dinero negro como circula el dinero negro segundo Sergio massa el candidato a presidente dupe nuestro candidato a presidente fue el primer intendente que instaló cámaras un centro de monitoreo y una y una permitirme terminar una secretaría de seguridad una Secretaría de Seguridad Ciudadana en tigre y bajó enormemente del delito y los niveles de seguridad eso es lo que vamos a hacer en el dentro del país financiando a todas aquellas ciudades","2023-09-20","https://www.youtube.com/watch?v=NLb9WkfrvUY"
"política de seguridad, defensa y justicia.","Rossi","1H 19M 20S","1H 20M 0S","milany fue decidido como jefe del Estado Mayor conjunto del Estado Mayor del ejército por la presidenta Cristina Fernández de kirchner yo era ministro de defensa cuando aparecieron las denuncias sobre su actuación eh durante la dictadura militar dejamos en suspenso el tratamiento de su pliego en el senado de la nación cuando esas denuncias no se concretaron no se fundamentaron lo ascendimos a Teniente a Teniente general recién Milán y fue acusado después que nosotros nos fuimos de nosotros nos fuimos del gobierno estuvo acusado en varias causas en todas las causas salió absolutamente sobreseído cuando estuvo con nosotros como jefe del Estado Mayor","2023-09-20","https://www.youtube.com/watch?v=NLb9WkfrvUY"
"política de seguridad, defensa y justicia.","Rossi","1H 19M 22S","1H 20M 4S","Mayor conjunto del Estado Mayor del ejército por la presidenta Cristina Fernández de kirchner yo era ministro de defensa cuando aparecieron las denuncias sobre su actuación eh durante la dictadura militar dejamos en suspenso el tratamiento de su pliego en el senado de la nación cuando esas denuncias no se concretaron no se fundamentaron lo ascendimos a Teniente a Teniente general recién Milán y fue acusado después que nosotros nos fuimos de nosotros nos fuimos del gobierno estuvo acusado en varias causas en todas las causas salió absolutamente sobreseído cuando estuvo con nosotros como jefe del Estado Mayor del ejército nunca estuvo condenado bueno el tema es que vos sabés","2023-09-20","https://www.youtube.com/watch?v=NLb9WkfrvUY"
"política de seguridad, defensa y justicia.","Rossi","1H 20M 33S","1H 21M 28S","el principal socio comercial de la Argentina en materia del sector agropecuario los principales exportaciones agropecuarias argentinas van con china van hacia china e India hemos ingresado recientemente a los brics que es la una de la asociación de comercio más importantes del mundo porque representa casi el 38% del pbi mundial mucho más que el g7 por lo tanto Argentina tiene relaciones diplomáticas con China y ese esa base que vos decís que es una base que es una base militar fue enviado el acuerdo al congreso de la nación al senado de la nación y se aprobó en el seno de la nación por eso está esa base en neuquén tenía 20 segundos más Rosy todavía me preguntabas por la madre del soldador Leo nunca me vas a poner a mí en contra de ninguna víctima Simplemente relaté porque Milán Y qué pasó con Milán bien muy bien Bueno pueden volver a sus","2023-09-20","https://www.youtube.com/watch?v=NLb9WkfrvUY"
"política de seguridad, defensa y justicia.","Rossi","1H 22M 29S","1H 23M 36S","enorme el único espacio político que radicalizó la frontera norte hemos sido nosotros si querés los próximos días venir conmigo Vamos a habilitar además un radar en tostado perdonada déjame terminar un radar en tostado vamos a habilitar otro radar otra otro radar en Mercedes tenemos radares en posadas en resistencia en las lomitas en pirané en ingeniero Juárez en tartagal y en El Dorado Entonces de qué me hablas la que no puso un radar Durante los cuatro años de gestión fue Patricia no puso un radar Durante los cuatro años Durante los cuatro Durante los cuatro años Durante los cuatro años de gestión Así que Y si vos ves y si Tomás lo tengo ahí en mi atril no lo traje Los indicadores de homicidios ves claramente como durante estos cuatro años de gestión Los indicadores de homicidio todo el país han bajado hay que hacer más por la seguridad Sí claro que no nunca Nada alcanza nunca Nada alcanza pero que nosotros hemos hecho y hemos hecho muchísimo en materia de seguridad en la Argentina y te doy el ejemplo de la radicalización porque digo seriamente lo puso un solo radar Patricia bully Durante los cuatro años de gestión ahí cuando llegaron al gobierno fue eliminar","2023-09-20","https://www.youtube.com/watch?v=NLb9WkfrvUY"
"política de seguridad, defensa y justicia.","Rossi","1H 24M 37S","1H 25M 34S","todo el país en Rosario específicamente lo que nunca hemos hecho acercarancheo con esa política no hicimos carancheo absolutamente nunca con eso Entonces cuando suceden cosas por ejemplo Por qué no ponen mayor cantidad de fuerzas de gendarmería en un lado en el otro permanentemente estamos poniendo entre otras cosas ponemos acá la ciudad Autónoma de Buenos Aires que está un compañero tuyo que es que es Rodríguez larreta la villa uno once catorce está patrullada por gendarmería entonces vos querés traer un tema que es un tema de difícil solución y lo querés plantear en términos de carancheo tantos tantos tantos tantos la verdad analizamos la línea de homicidios analizar la línea la línea de homicidios en todo el país han bajado Y si analizar la provincia de Buenos Aires a Sergio berni le fue en estos cuatro años mucho mejor que a ritondo en los cuatro años que tuvo con vida como ministra tiene diez segundos más bueno entonces vuelvan a sus atriles Gracias eh Gracias petri Rossi y ahora","2023-09-20","https://www.youtube.com/watch?v=NLb9WkfrvUY"
"política de seguridad, defensa y justicia.","Rossi","1H 26M 11S","1H 26M 45S","reuniste en varias oportunidades con Videla con el asesino de Videla y con otros represores kozoni por ejemplo también violador y asesino y con Alberto González también involucrado en la causa de la esma y también violador no digo los nombres de las víctimas para para preservarlo pero vos decís en todo el tiempo que estás para defender a las víctimas Qué hace reuniéndote con los represores Qué haces reuniéndote con los que reprimieron mataron violaron y sobre apropiaron bebés y una cantidad de cuestiones me puede explicar cuando me","2023-09-20","https://www.youtube.com/watch?v=NLb9WkfrvUY"
"política de seguridad, defensa y justicia.","Rossi","1H 27M 39S","1H 28M 2S","fondo reivindicas La dictadura nunca escuché una crítica a la Dictadura nunca te escuché criticar la tortura nunca criticar al rudo ves sabes a quién me hace acordar astis viste que asti se infiltró que en las organizaciones de las madres vos sos una infiltrada de la Democracia vos no crees en la democracia sin embargo yo creo que evidentemente no","2023-09-20","https://www.youtube.com/watch?v=NLb9WkfrvUY"
"política de seguridad, defensa y justicia.","Villarruel","1H 0M 24S","1H 1M 31S","prioridad somos el frente que en su plataforma electoral tiene 37 propuestas referidas a la seguridad Juntos por el cambio tiene a diez Unión por la patria tiene cero sin seguridad no hay desarrollo por eso nuestro principal objetivo es garantizar el orden al pueblo argentino la seguridad el respaldo sobre sus bienes su libertad sus vidas y por supuesto además darle el apoyo a nuestras fuerzas federales que combaten al delito y al narcotráfico no vamos a militarizar a los policías ni vamos a policializar a los militares tanto en seguridad como en defensa tenemos los presupuestos más bajos de toda la región no nos podemos dar el lujo de estar indefensos de esta manera pero ninguna política de seguridad puede quedar desmembrada de la política de Justicia Por eso tenemos que hacer cumplir la ley el que las hace las paga hay que además garantizar la independencia judicial y respaldar a los jueces honestos y probos bien muy bien Luis petri","2023-09-20","https://www.youtube.com/watch?v=NLb9WkfrvUY"
"política de seguridad, defensa y justicia.","Villarruel","1H 5M 8S","1H 5M 42S","está reglamentado así que hasta ahora Muy bien su gestión pero no pasó nada dos veces ministro de defensa tenemos el presupuesto más bajo de la región literalmente hoy en las unidades militares no se puede dar a los soldados voluntarios desayuno almuerzo merienda cena absolutamente nada solamente las guardias en algún tipo de refrigerio también nos tenemos que referir a la política que ha tenido el estado de demonizar a los uniformados con nosotros eso no va a pasar Luis petri sus treinta","2023-09-20","https://www.youtube.com/watch?v=NLb9WkfrvUY"
"política de seguridad, defensa y justicia.","Villarruel","1H 8M 12S","1H 9M 4S","cinco si hay alguien que ha tenido malvinas en su casa desde el primer minuto fui yo que tuve a mi padre como veterano de la guerra de malvinas dudo que vos hayas tenido este acercamiento pero independientemente de eso para nosotros el reclamo sobre la soberanía de las Islas malvinas es un reclamo que vamos a seguir sosteniendo porque es nuestra tierra y no lo decimos simplemente por una afán electoral como es tu caso tenemos ahora como a vos te gusta decirnos Cómo tenemos que pensar los demás crees que no podemos tener libertad de pensamiento que no podemos pensar de diferente manera tendrías que aclararselo a tu espacio dado que en este momento tu vicepresidente está bastante calladita la boca mientras incendia todo el país Florencio va a hablar el sábado está invitada creo que no que que no deberíamos perder tiempo en una cuestión","2023-09-20","https://www.youtube.com/watch?v=NLb9WkfrvUY"
"política de seguridad, defensa y justicia.","Villarruel","1H 11M 55S","1H 13M 15S","tenemos en seguridad es la usurpación de tierras que hay en todo el país Yo presenté apenas ingresada al congreso como diputada nacional la derogación de la ley 26-160 votada por unanimidad por el congreso de la nación antes de que con Javier Miley ingresáramos en la cual se sostienen la usurpaciones de tierras y se las somete a un paraguas en el cual los usurpadores cuando dicen un pueblo originario no pueden ser desalojados así que lamentablemente independientemente de los argentinos En definitiva mientras esto pasa También me gustaría recordar que hay unidades de nuestro país unidades militares que en el sur no Tienen calefacción por la simple razón de que el maravilloso gobierno de fantasía de Rossi y Compañía tienen a las fuerzas armadas en un estado catatón nunca una Un gobierno que haya apoyado","2023-09-20","https://www.youtube.com/watch?v=NLb9WkfrvUY"
"política de seguridad, defensa y justicia.","Villarruel","1H 15M 30S","1H 16M 9S","están en la página del Congreso si Luis vos no los leíste no es mi problema pero no digas danzadas no importa los tuyos en este momento lo que me interesa a mí fundamentalmente es que hablemos es que hablemos de las políticas de seguridad y acá los únicos los candidatos lo único que pueden hacer es personalizar porque lo que queda claro acá es que la única posición y los corruptos del kirchnerismo es la libertad avanzada","2023-09-20","https://www.youtube.com/watch?v=NLb9WkfrvUY"
"política de seguridad, defensa y justicia.","Villarruel","1H 19M 3S","1H 19M 22S","Derechos Humanos trajiste a colación varias cuestiones Pero la realidad es que vos sos el que puso a Milán y en el ejército sos el que lo sostuvo cuando fue acusado de crímenes de lesa humanidad entonces me gustaría que nos cuentes un poco ese tema porque es una gran incongruencia milany fue decidido como jefe del Estado","2023-09-20","https://www.youtube.com/watch?v=NLb9WkfrvUY"
"política de seguridad, defensa y justicia.","Villarruel","1H 20M 1S","1H 30M 33S","del ejército nunca estuvo condenado bueno el tema es que vos sabés perfectamente que la madre del Soldado ledo ha sido muy clara milani tuvo que ver con la desaparición de su hijo así que En definitiva bueno tenemos el doble estándar de nuevo pero aprovecho para preguntarte otra cuestión que realmente nos interesa a todos los argentinos y que se ha dado en tu gobierno y que definitivamente no tiene ninguna explicación y es la base China cómo nos enchufaron a los chinos en neuquén Embajada del agrio En qué cabeza entra a afectar así nuestra soberanía china es el principal socio comercial de la Argentina en materia del sector agropecuario los principales exportaciones agropecuarias argentinas van con china van hacia china e India hemos ingresado recientemente a los brics que es la una de la asociación de comercio más importantes del mundo porque representa casi el 38% del pbi mundial mucho más que el g7 por lo tanto Argentina tiene relaciones diplomáticas con China y ese esa base que vos decís que es una base que es una base militar fue enviado el acuerdo al congreso de la nación al senado de la nación y se aprobó en el seno de la nación por eso está esa base en neuquén tenía 20 segundos más Rosy todavía me preguntabas por la madre del soldador Leo nunca me vas a poner a mí en contra de ninguna víctima Simplemente relaté porque Milán Y qué pasó con Milán bien muy bien Bueno pueden volver a sus atriles eh Ahí está preguntó Victoria villarroel eligió a Rossi y ahora es el turno de Luis petri usted tiene que elegir petri a quién le va a preguntar y repreguntar rosa Bueno entonces lo invitamos Rossi después de esta No nadie lo va a poder volver a preguntar a Rosy porque te convirtieron Agustín Pero bueno bien muy bien Luis petri su pregunta 30 segundos Y pregunta simple Por qué abandonaron a los argentinos frente a los narcos Por qué liberaron zonas porque no custodieron las fronteras Por qué abandonaron las provincias de fronteras Por qué no fueron contra los bunkers Por qué dejaron zonas liberadas Por qué no hicieron nada por Rosario eso simplemente pozos santafesino Por eso tu pregunta denota un desconocimiento enorme el único espacio político que radicalizó la frontera norte hemos sido nosotros si querés los próximos días venir conmigo Vamos a habilitar además un radar en tostado perdonada déjame terminar un radar en tostado vamos a habilitar otro radar otra otro radar en Mercedes tenemos radares en posadas en resistencia en las lomitas en pirané en ingeniero Juárez en tartagal y en El Dorado Entonces de qué me hablas la que no puso un radar Durante los cuatro años de gestión fue Patricia no puso un radar Durante los cuatro años Durante los cuatro Durante los cuatro años Durante los cuatro años de gestión Así que Y si vos ves y si Tomás lo tengo ahí en mi atril no lo traje Los indicadores de homicidios ves claramente como durante estos cuatro años de gestión Los indicadores de homicidio todo el país han bajado hay que hacer más por la seguridad Sí claro que no nunca Nada alcanza nunca Nada alcanza pero que nosotros hemos hecho y hemos hecho muchísimo en materia de seguridad en la Argentina y te doy el ejemplo de la radicalización porque digo seriamente lo puso un solo radar Patricia bully Durante los cuatro años de gestión ahí cuando llegaron al gobierno fue eliminar la subsecretaría de lucha contra el narcotráfico y abandonaron a Rosario y no lo digo yo inseguridad en Rosario de todas maneras se quedaron calladitos [Música] [Música] por favor el 13 de enero del 2020 les reclamaban gendarmes en Rosario después dijeron que habían abandonado Santa Fe lo dijo perotti el 22 en El 2022 registró Rosario la mayor marca de asesinatos del 2003 Y por último para coronar el dos de marzo del 2023 tu ministro Aníbal Fernández dijo que los narcos habían ganado la batalla nosotros trabajamos contra los narcos en todo el país en Rosario específicamente lo que nunca hemos hecho acercarancheo con esa política no hicimos carancheo absolutamente nunca con eso Entonces cuando suceden cosas por ejemplo Por qué no ponen mayor cantidad de fuerzas de gendarmería en un lado en el otro permanentemente estamos poniendo entre otras cosas ponemos acá la ciudad Autónoma de Buenos Aires que está un compañero tuyo que es que es Rodríguez larreta la villa uno once catorce está patrullada por gendarmería entonces vos querés traer un tema que es un tema de difícil solución y lo querés plantear en términos de carancheo tantos tantos tantos tantos la verdad analizamos la línea de homicidios analizar la línea la línea de homicidios en todo el país han bajado Y si analizar la provincia de Buenos Aires a Sergio berni le fue en estos cuatro años mucho mejor que a ritondo en los cuatro años que tuvo con vida como ministra tiene diez segundos más bueno entonces vuelvan a sus atriles Gracias eh Gracias petri Rossi y ahora usted le va a tocar Pero va a tener acá Entonces sí sí sí pero que le conviene que vaya al asilo bueno por una cuestión de televisión además comprobamos el buen estado de sus rodillas Rosi Bueno gracias Bueno ahora la pregunta A quién elige usted ahora tienen que invertir los lugares usted de este lado bizarro [Música] bien ahí están frente a frente su pregunta 30 segundos se sabe que te reuniste en varias oportunidades con Videla con el asesino de Videla y con otros represores kozoni por ejemplo también violador y asesino y con Alberto González también involucrado en la causa de la esma y también violador no digo los nombres de las víctimas para para preservarlo pero vos decís en todo el tiempo que estás para defender a las víctimas Qué hace reuniéndote con los represores Qué haces reuniéndote con los que reprimieron mataron violaron y sobre apropiaron bebés y una cantidad de cuestiones me puede explicar cuando me reuní con algunas de las personas que han sido condenadas o imputadas por lesa humanidad lo hice porque estaba investigando para un libro también me reuní con montoneros montoneros a los cuales siendo terroristas y que agredieron a las víctimas que represento hace 18 años les di la confidencialidad que Al momento de reunirme con ellos y que ellos me contaran los crímenes que habían cometido en las organizaciones armadas que integraron así que lo que hice es algo plenamente legal es algo que no es un delito es algo que te permite conocer la historia y además cuando no la viviste como es mi caso porque yo no fui contemporánea de los hechos tal vez a diferencia tuya lógicamente Necesito escuchar de sus protagonistas me caigan bien o no lo que pasó en la historia bien muy bien puede hacer su pregunta la verdad que no te creo nada Yo creo que que vos en el fondo reivindicas La dictadura nunca escuché una crítica a la Dictadura nunca te escuché criticar la tortura nunca criticar al rudo ves sabes a quién me hace acordar astis viste que asti se infiltró que en las organizaciones de las madres vos sos una infiltrada de la Democracia vos no crees en la democracia sin embargo yo creo que evidentemente no solo creo en la democracia sino que leer reclamado a la democracia que reconozca las víctimas del terrorismo civiles y no combatientes que fueron agredidos por organizaciones armadas como las que vos implícitamente estás defendiendo si aquí realmente vos hablaras de derechos humanos hablarías de reconocer la verdad la justicia y la reparación Para estos inocentes inocentes que fueron despedazados por coches bombas secuestrados en secuestros extorsivos soldados con criptos de 18 años asesinados en nombre de una Revolución que nadie les pidió y que tuvo gobierno justifica Así que En definitiva poco me importa lo que vos creas lo que a mí me deja muy tranquila es que durante 18 años estuve defendiendo los derechos humanos de los inocentes a los cuales los terroristas que vos defendés agredieron salvajemente es una enorme contradicción que para defender a víctimas te reúna con los que mataron con lo que terroristas pero esa parte la impunidad de los territorios les aclaramos como arroz y ya lo habían elegido dos veces ahora él tiene ya descanso y el turno es para elegir que a quién preguntar Florencio randazzo a Victoria bien bueno Victoria tiene que volver a pasar de este lado y Victoria también esa segunda vez que ha sido elegida Así que que después es una pregunta o dos es una pregunta y una repregunta victoria La pregunta sería ustedes hablan de la casta y Javier milei digamos acaba de juntarse con Luis barrio si hay un símbolo de la casta y del fracaso argentino es esa dirigencia sindical porque es parte del problema del que atraviesa la Argentina Cuál sería la respuesta Mira las relaciones que puede haber con algunos sindicalistas no significa que nosotros seamos castas significa que tenemos que hablar con todos los sectores casualmente a nosotros se nos trata de personas que no tienen diálogo con los demás y sí lo tenemos de hecho vos y yo en la cámara también lo tenemos entonces Y tenemos una cordial relación pese a no estar en el mismo pensamiento y Pese a que para","2023-09-20","https://www.youtube.com/watch?v=NLb9WkfrvUY"
"política de seguridad, defensa y justicia.","Villarruel","1H 20M 6S","1H 20M 36S","perfectamente que la madre del Soldado ledo ha sido muy clara milani tuvo que ver con la desaparición de su hijo así que En definitiva bueno tenemos el doble estándar de nuevo pero aprovecho para preguntarte otra cuestión que realmente nos interesa a todos los argentinos y que se ha dado en tu gobierno y que definitivamente no tiene ninguna explicación y es la base China cómo nos enchufaron a los chinos en neuquén Embajada del agrio En qué cabeza entra a afectar así nuestra soberanía china es el principal socio comercial de la","2023-09-20","https://www.youtube.com/watch?v=NLb9WkfrvUY"
"política de seguridad, defensa y justicia.","Villarruel","1H 26M 46S","1H 27M 36S","han sido condenadas o imputadas por lesa humanidad lo hice porque estaba investigando para un libro también me reuní con montoneros montoneros a los cuales siendo terroristas y que agredieron a las víctimas que represento hace 18 años les di la confidencialidad que Al momento de reunirme con ellos y que ellos me contaran los crímenes que habían cometido en las organizaciones armadas que integraron así que lo que hice es algo plenamente legal es algo que no es un delito es algo que te permite conocer la historia y además cuando no la viviste como es mi caso porque yo no fui contemporánea de los hechos tal vez a diferencia tuya lógicamente Necesito escuchar de sus protagonistas me caigan bien o no lo que pasó en la historia bien muy bien puede","2023-09-20","https://www.youtube.com/watch?v=NLb9WkfrvUY"
"política de seguridad, defensa y justicia.","Villarruel","1H 28M 1S","1H 29M 22S","sin embargo yo creo que evidentemente no solo creo en la democracia sino que leer reclamado a la democracia que reconozca las víctimas del terrorismo civiles y no combatientes que fueron agredidos por organizaciones armadas como las que vos implícitamente estás defendiendo si aquí realmente vos hablaras de derechos humanos hablarías de reconocer la verdad la justicia y la reparación Para estos inocentes inocentes que fueron despedazados por coches bombas secuestrados en secuestros extorsivos soldados con criptos de 18 años asesinados en nombre de una Revolución que nadie les pidió y que tuvo gobierno justifica Así que En definitiva poco me importa lo que vos creas lo que a mí me deja muy tranquila es que durante 18 años estuve defendiendo los derechos humanos de los inocentes a los cuales los terroristas que vos defendés agredieron salvajemente es una enorme contradicción que para defender a víctimas te reúna con los que mataron con lo que terroristas pero esa parte la impunidad de los territorios","2023-09-20","https://www.youtube.com/watch?v=NLb9WkfrvUY"
"rol del estado y conflictividad social","Del Caño","38M 13S","39M 13S","arregla todo y hasta piden la libre venta de órganos este plan se aplicó en los 90 concabalo y terminó en la catástrofe del 2001 otros de chamuyan con el estado presente mientras ajustan a los trabajadores que muchos están sin derechos y ajustan todo como les pide el fondo con más Mercado o más estado estos candidatos defienden que el poder lo tengan los grandes empresarios ese poder económico que tiene más de 400.000 millones de dólares en los paraísos fiscales mientras acá nos faltan viviendas hospitales de todo nosotros somos socialistas y estamos convencidos de que el poder lo tienen que tener las trabajadoras y los trabajadores la única clase que hace funcionar al funcionar al país y que tiene la capacidad para gobernar y reorganizarlo desde abajo esa clase es la que tiene que gobernar si nos unimos si unimos a la clase trabajadora podemos cambiar la historia Victoria villarroel","2023-09-20","https://www.youtube.com/watch?v=NLb9WkfrvUY"
"rol del estado y conflictividad social","Del Caño","44M 16S","44M 50S","el ajuste sin salir a pelear pero eso no va a pasar Cómo no vamos a estar con los desocupados a los que este gobierno les recorta la comida para los comedores cómo nos vamos a estar con los laburantes que luchan por salario que luchan contra los despidos como estuvimos en Jujuy junto a las comunidades originarias a las docentes a los y todo un pueblo que enfrentó esa reforma de la ucr y del PJ como hace Miriam breckman codo a codo en la lucha de las mujeres contra la violencia machista y por todos sus derechos siempre estamos Del mismo lado bien muy","2023-09-20","https://www.youtube.com/watch?v=NLb9WkfrvUY"
"rol del estado y conflictividad social","Del Caño","46M 50S","47M 35S","preguntarle Quiero preguntarle a villarruel si va a reprimir a las pibas y a los pibes defienden la educación sexual integral que es una herramienta fundamental para identificar los abusos y que muchas pibas y pibes defienden la aplicación y bueno como usted quiere reprimir a todos los que salen a reclamar Quiero saber como usted se opone a la educación sexual integral en las escuelas si va a reprimir a las pibas y a los pibes a las docentes y a los docentes que defienden y que llevan adelante la educación sexual integral es muy importante saber su opinión sobre esto porque en la juventud es muy muy fuerte el reclamo para que se aplique la educación sexual integral en todas las escuelas a ver en","2023-09-20","https://www.youtube.com/watch?v=NLb9WkfrvUY"
"rol del estado y conflictividad social","Del Caño","52M 17S","53M 1S","en contra de la ley 7722 que prohíbe el uso de las sustancias tóxicas en la mega minería y eso pasó en Mendoza y la gente salió a la calle salió a la calle se movilizó tanto que habla de reprimir cualquier movilización salió a la calle y la ley sigue vigente gracias a esa movilización y quiero decir que en estos tan de acuerdo con el peronismo porque en chubut arcioni reprime y persigue a todo el pueblo que hace tiempo dijo No es no a la mega minería y Quiero preguntarle Quiero preguntarle a Rosy si Cuál es el masa que le va a tocar le tiene que contar a la gente Cuál es el más que le va a tocar el que dice que la Cordillera es una torta porque quiere avanzar en la mega minería quiero preguntar le Cuál es el mayor que va a tocar Victoria Villarreal responde","2023-09-20","https://www.youtube.com/watch?v=NLb9WkfrvUY"
"rol del estado y conflictividad social","Petri","40M 50S","42M 57S","recaudación dispuesto y la política distributiva y acompaña la Macro para qué Para darle estabilidad productividad y competitividad el estado argentino es el más ineficiente de América Latina hubo comentar el 25% los impuestos para resolver es ineficiencia de un lado escuchamos aquello que creen que el estado se mide por la cantidad de empleados por el monto de lo que gasta y por la cantidad de regulaciones y por el otro lado los que creen que el estado debe estar ausente si el estado está ausente se profundizan las desigualdades en un país como la Argentina nosotros qué creemos con el gobernador chareti tanto mercado como sea posible y tanto estado como sea necesario por eso podemos hacer un estado eficaz que de respuestas a las demandas que tiene la sociedad con sensibilidad sentido común y pragmatismo ese es el estado que nosotros queremos un estado que mejore la calidad de los servicios que les presta a los ciudadanos perfecto cierra Entonces esta parte del debate Luis petri la argentina se encuentra secuestrada desde hace 20 años por un populismo de izquierda y ahora amenazada por un populismo de derecha un populismo de izquierda que lo encarnó el killerismo las organizaciones piqueteras que toman de Rehenes a los pobres y un sindicalismo inescrupuloso que se niega a tratar una reforma laboral para generar trabajo de calidad y no se puede negociar con los secuestradores que han tomado de reina a la República Argentina porque siempre el precio que piden del rescate es el mismo que mantengan sus privilegios que mantengan sus cajas que mantengan su impunidad y que nada cambie por eso Si queremos cambiar la Argentina tenemos que sacarla y tenemos que liberarla y fuimos los que denunciamos al kircherismo y vamos a hacer los que terminemos con el kircherismo y vamos a terminar con los gerentes de la pobreza Los que organizan un piquete van a ir presos y los que participan de él van a perder el plan no se puede negociar con los barrios nuevos de la vida que oigas hacen gatopardismo para que nada cambie ni con los vara del que toman de Rehenes a las escuelas adoctrinando muy bien","2023-09-20","https://www.youtube.com/watch?v=NLb9WkfrvUY"
"rol del estado y conflictividad social","Petri","46M 5S","46M 37S","problemas del país se resuelven en los humildes bancos de la escuela pública no es privatizando la educación pública ni Estableciendo su no obligatoriedad que vamos a resolver los problemas de la Argentina muy por el contrario los vamos a grabar y vamos a grabar La Brecha necesitamos una escuela pública de calidad necesitamos más sarmientos y menos vara de él necesitamos una escuela que forme para el trabajo no una escuela que adoctrine como lo hace el killerismo y lo ha venido haciendo durante todo","2023-09-20","https://www.youtube.com/watch?v=NLb9WkfrvUY"
"rol del estado y conflictividad social","Petri","50M 49S","52M 10S","Florencio hablamos del rol del estado y tenemos un estado tenemos un estado que los últimos 20 años creció un 100% su participación en el producto y no educa mejor no cura mejor ni da mejor seguridad es un estado argentino que te cobre impuestos como si estuvieses en Suecia y te los devuelve en servicios como estuvieses en Haití con un killerismo que lo quiere controlar todo que quiere controlar que compras con esos cuidados que quiere controlar como ras que quiere controlar a Dónde viajas porque no te permite pagar con tarjeta que quiere controlar que producir o dónde trabajás digo Tenemos que salir de ese estado ahora la solución tampoco es la que se plantea desde los libertarios dolarizando la economía que ya se vio que no se puede dolarizar y ahora no lo mencionan porque saben que es imposible porque no se puede dolarizar una economía sin dólares ya lo explico perfectamente melconial como tampoco se puede eliminar el Banco Central como tampoco se puede regular el mercado de armas ustedes imagínense por un momento enfermo psiquiátricos que puedan adquirir un arma en la calle algún tipo de control termino con esto como tampoco yo desde mi provincia Mendoza que es una provincia que es un Oasis que se hizo a partir de los ríos se puede permitir que se contaminen libremente los ríos de aquellas","2023-09-20","https://www.youtube.com/watch?v=NLb9WkfrvUY"
"rol del estado y conflictividad social","Petri","55M 0S","55M 15S","se fueron cuatrocientos mil argentinos en los últimos años y los ha tapado con planes y el plan motosierra de mi ley como viene regulando en chancletas se ha transformado en una listo resolver el déficit no no implica un","2023-09-20","https://www.youtube.com/watch?v=NLb9WkfrvUY"
"rol del estado y conflictividad social","Randazzo","11M 35S","12M 20S","ustedes la posibilidad de que la Argentina salga del estado de crisis que se encuentra con sentido común con responsabilidad y con coherencia yo no tengo ninguna duda que si conoces a chareti si conoces lo que hizo en Córdoba lo votas es el mejor candidato cree como yo que la política solo sirve si es capaz de resolver los problemas de la gente si no no sirve Somos la única fórmula federal y creemos en la gestión yo soy un hombre que todo lo que estuvo bajo mi responsabilidad lo transforme los documentos los pasaportes los tren y creemos en Argentina de valores el valor de la palabra el respeto al otro y la recuperación de la Argentina del trabajo y del esfuerzo y de la solidaridad muy","2023-09-20","https://www.youtube.com/watch?v=NLb9WkfrvUY"
"rol del estado y conflictividad social","Randazzo","21M 10S","21M 53S","plantear que una vez resuelto el corto plazo con una Macro estable debemos trabajar en un plan de desarrollo a largo plazo cosa que en la Argentina se habla demasiado poco eso implica primero trabajar solo sobre los factores de la producción que básicamente tienen que ver con el capital humano la inversión el ahorro y el capital el segundo componente que creo que es fundamental es aumentar la productividad la Argentina puede aumentar los salarios es capaz de producir la misma cantidad de bienes y servicios con bueno y de la competitividad la Argentina tiene que poder competir en el mercado internacional digamos sin que eso signifique una devaluación Pero bueno vamos ahora con Luis petriz","2023-09-20","https://www.youtube.com/watch?v=NLb9WkfrvUY"
"rol del estado y conflictividad social","Randazzo","28M 20S","28M 40S","honrado la función pública y hemos hecho la función pública un ejercicio de compromiso con la sociedad y hemos transformado cosas y mejorados cosas como el caso que de quién te habla el documento el pasaporte la sube los tres de la agencia Vial y todo sin ningún tipo de causa con total transparencia y con ahorro para el estado Por otra parte cuando se discute acá la grieta está","2023-09-20","https://www.youtube.com/watch?v=NLb9WkfrvUY"
"rol del estado y conflictividad social","Randazzo","40M 43S","41M 45S","estado interviene para brindar los servicios esencial de Educación salud y seguridad lleva adelante la recaudación dispuesto y la política distributiva y acompaña la Macro para qué Para darle estabilidad productividad y competitividad el estado argentino es el más ineficiente de América Latina hubo comentar el 25% los impuestos para resolver es ineficiencia de un lado escuchamos aquello que creen que el estado se mide por la cantidad de empleados por el monto de lo que gasta y por la cantidad de regulaciones y por el otro lado los que creen que el estado debe estar ausente si el estado está ausente se profundizan las desigualdades en un país como la Argentina nosotros qué creemos con el gobernador chareti tanto mercado como sea posible y tanto estado como sea necesario por eso podemos hacer un estado eficaz que de respuestas a las demandas que tiene la sociedad con sensibilidad sentido común y pragmatismo ese es el estado que nosotros queremos un estado que mejore la calidad de los servicios que les presta a los ciudadanos","2023-09-20","https://www.youtube.com/watch?v=NLb9WkfrvUY"
"rol del estado y conflictividad social","Randazzo","45M 30S","46M 1S","que tiene superávit fiscal eso le permitió llevar adelante un plan de obra pública por ocho mil millones de dólares y los hizo sin conflicto social respetando Las instituciones la división de poderes en los que piensan diferente para darle previsibilidad a la economía llevó adelante un estado austero inteligente brindando los servicios esenciales y se complementó con un plan de obra pública muy importante que incluyó gasoducto y conectividad para darle productividad y competitividad a la economía Argentina regenera generar riqueza para generar inversión y trabajo","2023-09-20","https://www.youtube.com/watch?v=NLb9WkfrvUY"
"rol del estado y conflictividad social","Randazzo","49M 50S","50M 48S","recursos humanos por eso de ahí la importancia de la educación la tecnología y luego los recursos naturales la Argentina tiene que recuperar la cultura del trabajo y no puede ser que la época de macri se incrementaron los planes en un 200% en la época en el gobierno de Alberto Fernández quinientos por ciento y no es cierto que no se pueden reemplazar los planes una decisión política la que hay que llevar adelante si no hay un ejemplo cuánto se puede cobrar sin trabajar entre el potencial trabajo más bonos más tarjetas alimentar $210 mil pesos Cuánto cobra el empleado de comercio con ocho horas por día todos los días más cuatro horas el sábado 232 mil pesos y se pagan 123 mil pesos por contribuciones y aportes qué deberíamos hacer eximir de aportes y contribuciones al empresario que toma alguien que está frente a un plan trabajar y ayudarlo por un tiempo para que esa persona incorpore los hábitos del trabajo","2023-09-20","https://www.youtube.com/watch?v=NLb9WkfrvUY"
"rol del estado y conflictividad social","Randazzo","1H 29M 53S","1H 30M 10S","hablan de la casta y Javier milei digamos acaba de juntarse con Luis barrio si hay un símbolo de la casta y del fracaso argentino es esa dirigencia sindical porque es parte del problema del que atraviesa la Argentina Cuál sería la respuesta Mira las relaciones que puede","2023-09-20","https://www.youtube.com/watch?v=NLb9WkfrvUY"
"rol del estado y conflictividad social","Rossi","20M 44S","21M 3S","las principales actividades económicas que han empujado este crecimiento han sido hotelería y gastronomía y construcción o sorpresa las dos apalancadas con políticas públicas que lleva adelante el estado nacional el plan previaje y las políticas de obra pública y de que construcción de vivienda en la Argentina de su tiempo","2023-09-20","https://www.youtube.com/watch?v=NLb9WkfrvUY"
"rol del estado y conflictividad social","Rossi","29M 25S","29M 43S","Estado villarroel porque vivió de su papá que le pagábamos Los sueldos del Estado después cuando te pidió su retiro tenía la el retiro y ahora la mamá tiene la pensión que todos se la pagamos del Estado Entonces de qué habla que nosotros somos Perdón la carta del Estado argentino","2023-09-20","https://www.youtube.com/watch?v=NLb9WkfrvUY"
"rol del estado y conflictividad social","Rossi","36M 50S","38M 6S","las mujeres las mujeres van a ser las principales perjudicadas de las políticas de achicamiento y de ajuste que plantean los partidos de la derecha y de la ultraderecha nosotros por el contrario creemos que hay que seguir fortaleciendo todas aquellas políticas que acortan la brecha de género que acortan la desigualdad que existe entre hombres y mujeres en la Argentina por ejemplo seguir fortaleciendo las políticas de moratorias previsionales tres de cada cuatro argentinos que se jubilan son mujeres seguir fortaleciendo la compensación de aportes por tareas de por tareas de cuidado fomentar y fortalecer las paritarias de aquellos sectores fuertemente feminizados docentes trabajadoras de casas particulares trabajadoras de casas particulares y sanidad las políticas de licencia que se están debatiendo hoy en el congreso aumento de licencia por paternidad aumento por licencia de maternidad por la maternidad para las tareas de cuidado y para tener más acompañamiento en las tareas de Cuidado Y por último una sola cosita más construimos cien centros de infancia a lo largo y ancho de toda la Argentina y estamos construyendo trescientos centros de infancia más para permitir el trabajo y el desarrollo de la mujer en la Argentina de acuerdo al sorteo Nicolás","2023-09-20","https://www.youtube.com/watch?v=NLb9WkfrvUY"
"rol del estado y conflictividad social","Rossi","43M 35S","44M 10S","la diferencia salarial entre los hombres y las mujeres existan es entre el 27 y el 33%. Yo sé que la candidata vicepresidenta villarroel no cree en esto lo niega así como niega el cambio climático así como niega La dictadura militar así como niega el robo de bebés así como niega las torturas así como niega la justicia social así como niega la salud pública así como niega la educación pública así como niega la obra pública es trágico para la Argentina que en cuarenta años de democracia tengamos un partido de negacionista muy bien","2023-09-20","https://www.youtube.com/watch?v=NLb9WkfrvUY"
"rol del estado y conflictividad social","Villarruel","8M 9S","8M 25S","el cual te matan por un celular en el cual no tenés ninguna expectativa más que exiliarte o recibir Una limosna cuando te jubiles","2023-09-20","https://www.youtube.com/watch?v=NLb9WkfrvUY"
"rol del estado y conflictividad social","Villarruel","39M 19S","40M 20S","miente y cuando ellos te dicen que no van a aumentar los planes sociales también mienten los planes sociales en la libertad avanza los vamos a sacar pero de forma ordenada para que esas personas se puedan incorporar al trabajo formal y eso se logra con reformas de fondo no con parches Y por supuesto con coraje y no siendo políticamente correctos el debe ser solo un medio no Un fin el plan se tiene que transformar en trabajo y tiene que dejar de ser la Chicana del poder en la cual tienen un ejército de personas desocupadas o trabajadores informales que están hipotecando Su futuro por un plan y en esta sintonía también va la conflictividad social en un país donde el actual Gobierno no tiene ningún problema en decir que va a haber sangre","2023-09-20","https://www.youtube.com/watch?v=NLb9WkfrvUY"
"rol del estado y conflictividad social","Villarruel","44M 53S","45M 25S","habla a las mujeres pero no tiene ningún problema en faltarle el respeto a la con la que está debatiendo en el día de hoy Así que definitivamente lo que muestra Rossi es la demagogia de este gobierno y el doble estándar que tiene este gobierno en todos los temas que trata tu gobierno nos Toma las mujeres de Rehenes no Susan para instalar sus kioscos y mientras tanto nosotras nos tenemos que aguantar que la violencia de género que tanto alegan no disminuye Mientras usan los recursos de todos nosotros muy bien el turno ahora","2023-09-20","https://www.youtube.com/watch?v=NLb9WkfrvUY"
"rol del estado y conflictividad social","Villarruel","48M 49S","49M 30S","algunas personas que necesitan focalizar en mí toda la falsedades todos los prejuicios todos los preconceptos que tienen acá el único populismo que hay y el único desastre que hay es el de la izquierda desde hace muchas décadas hace dos décadas que viene gobernando la coalición más corrupta que la República Argentina ha conocido y este señor no tiene otra pavada para decir que hablarme a mí de mi familia y de cuestiones que no le importan absolutamente a nadie la educación sexual integral tiene que estar basada en contenidos biológicos no en la ideología del docente o en los militantes políticos que ustedes meten para ser adoctrinamiento en la educación","2023-09-20","https://www.youtube.com/watch?v=NLb9WkfrvUY"
"rol del estado y conflictividad social","Villarruel","54M 25S","55M 0S","que el país que se imagina Rossi que quiere aplicar de acá en adelante con masa lo Hubieran hecho en los casi 20 años en los cuales el kirchnerismo ha optado ocupando el poder nos ha sometido una discusión ideológica que no le importa a nadie porque tenemos un 40% de Pobres y definitivamente me gustaría también responder que respecto de la dolarización todos los argentinos ahorran en dólares incluso Ustedes muy bien monetario","2023-09-20","https://www.youtube.com/watch?v=NLb9WkfrvUY"
"rol del estado y conflictividad social","Villarruel","1H 30M 12S","1H 30M 45S","haber con algunos sindicalistas no significa que nosotros seamos castas significa que tenemos que hablar con todos los sectores casualmente a nosotros se nos trata de personas que no tienen diálogo con los demás y sí lo tenemos de hecho vos y yo en la cámara también lo tenemos entonces Y tenemos una cordial relación pese a no estar en el mismo pensamiento y Pese a que para mí vos integraste Un gobierno kirchnerista el cual yo combatí desde la vida civil Así que definitivamente nosotros tenemos que hablar con todos los sectores independientemente de si estamos de acuerdo o no","2023-09-20","https://www.youtube.com/watch?v=NLb9WkfrvUY"
"rol del estado y conflictividad social","Villarruel","1H 40M 23S","1H 41M 10S","humano para hacerlo con trabajo con Justicia con salud con educación con defensa Y con seguridad Argentina tiene un futuro brillante con Javier milei no te estoy invitando a que padezcas a los políticos Te estoy invitando a que seas protagonista de la epopeya del siglo XXI Te estoy invitando a que pongamos Argentina de pie y volvamos a hacer la gran nación que fuimos solo te pedimos tu apoyo y de nuestra parte el mayor esfuerzo hasta el último minuto de nuestras vidas por poner Argentina de pie bien gracias","2023-09-20","https://www.youtube.com/watch?v=NLb9WkfrvUY"
