"modo";"topico";"candidato";"desde";"hasta";"texto";"fecha_debate";"link"
"turno";"presentación";"Javier Milei";"00:05:03";"00:06:00";"su pleno derecho a defender su territorio de los terroristas pero siendo al caso argentino lo primero que quiero expresar es que el país está al borde de la peor crisis de su historia El desequilibrio monetario y el desequilibrio fiscal es peor que el que teníamos previo a la crisis del 75 del rodrigazo la relación de lel contra base monetaria hoy es peor que la que teníamos en la previa de la hiperinflación de alfonsín es más hoy la inflación viaja al 120 por anualizada al 330 en alimentos al 470 y 700 en mayorista es decir estamos al borde de una hiperinflación con el agravante de que los indicadores sociales son peores que los que tenemos en el 2001 por lo tanto esto no se arregla con palabras bonitas ni con buenos modales esto se arregla con medidas contundentes que solo propone la libertad avanza Muchas gracias Gracias";"2023-10-09";"https://www.youtube.com/watch?v=rSgyeo5MRUw"
"turno";"presentación";"Patricia Bullrich";"00:06:04";"00:07:06";"pueblo de Israel en este momento triste del ataque de jamás terrorismo de jamás estas dos semanas hemos visto lo más brutal de la corrupción kisnerista los yates de insaurralde son como el punto máximo y hoy vemos a los argentinos que no pueden pagar las cuentas no pueden pagar y llegar a fin de mes para cambiar hay un solo camino ese camino es terminar con los insaurralde y las mafias que azotan a nuestro país hay que ganar esta elección y sacar de raíz estas mafias de la Argentina masa no puede porque es parte es uno más de ellos y mi ley se ha asociado hace pocos días con ellos también Somos la única fuerza política con capacidad decisión con equipos con la capacidad para cambiar este país de una vez y para siempre para eso necesitamos algo fundamental el voto de";"2023-10-09";"https://www.youtube.com/watch?v=rSgyeo5MRUw"
"turno";"presentación";"Juan Schiaretti";"00:07:10";"00:08:12";"con el pueblo de Israel por el ataque sufrido Argentina vive el desastre económico que han hecho los últimos gobiernos nacionales de la grieta hay más exclusión social más inseguridad ha caído salario en un 15% estos 12 años y no hay como conseguir viviendo y además de eso dejan de lado a las provincia y se profundiza la falta de federalismo la dejan sola las provincias en el combate al narcotráfico y llegamos a la barbaridad de que la Patagonia que produce el petróleo el gasoy cuesta más caro que aquí en la ciudad de Buenos Aires y grandes obras que hacen un desarrollo armónico como el corredor bioceánico del hidrovía Paraguay Paraná al Pacífico hace 20 años que le esperamos Y eso ar Rincón al Noa contra La cordillera de Los santes y tampoco se ha hecho el gasoducto hacia alnea Esas son las cosas que hay que cambiar para";"2023-10-09";"https://www.youtube.com/watch?v=rSgyeo5MRUw"
"turno";"presentación";"Sergio Massa";"00:08:17";"00:09:17";"Primero gracias a los que el domingo pasado nos acompañaron en el debate y Gracias también a los que desde su casa este domingo eligen a acompañarnos quiero dejar sentada mi solidaridad con todas las víctimas de un ataque terrorista brutal que hoy en luta el mundo pero también quiero aprovechar para contarte que hoy es un día muy importante hoy venimos acá a contarte Qué vamos a hacer con la seguridad con la Justicia con el cuidado del medio ambiente con nuestras pymes con el trabajo con la producción Argentina hoy venimos acá a contarte cómo va a ser la desde el 10 de diciembre no vengo ni con chicanas ni vengo a pelear vengo a proponer que es lo que necesitan los argentinos quiero decirte que si el 10 de diciembre Dios Y tu voto me dan la responsabilidad de gobernar Argentina va a tener un gobierno de unidad nacional";"2023-10-09";"https://www.youtube.com/watch?v=rSgyeo5MRUw"
"turno";"presentación";"Myriam Bregman";"00:09:22";"00:10:20";"agradecer el apoyo que recibimos estos días porque muestra que somos que somos muchos los que no nos resignamos a que la grave crisis que vive el país la paguen nuevamente las grandes mayorías los que no queremos más corruptelas ni privilegios de políticos y jueces las coaliciones que vienen gobernando están estalladas otros aparecen como lo nuevo pero son la vieja derecha Solo que un poco despeinada es hora de poner en pie una nueva fuerza política de izquierda de la clase trabajadora que una los de abajo y que pelee porque gobiernen los que nunca gobernaron los trabajadores y las trabajadoras y una cosa más nos duelen las víctimas civiles que ocurren en un conflicto que tiene como base la política del Estado de Israel de ocupación y de aparate contra el pueblo palestino Muchas gracias";"2023-10-09";"https://www.youtube.com/watch?v=rSgyeo5MRUw"
"turno";"seguridad";"Patricia Bullrich";"00:11:54";"00:13:56";"ustedes saben que yo los proteg y los llevo en el corazón llevo en el corazón porque me enfrenté a cada una de las mafias narcotraficantes criminales que les sacan la vida a la gente entre nosotros las cosas están muy claras Nosotros sabemos A quién defender ellos liberan presos y Hoy les dan a los presos internet y celulares en las cárceles por eso la gente tiene miedo porque sabe que los presos andan sueltos los largan como si no pasara nada por eso nosotros tenemos las cosas bien en claras defendemos a los ciudadanos no como el quisis smo que defiende a los delincuentes mi ley mi ley quiere liberar las armas y con las armas liberadas saben dónde cae en manos de los delincuentes de los narcotraficantes a mí no me tiembla el pulso yo voy a entrar a Rosario con toda la fuerza y a todos los territorios que están tomados por el narcotráfico con las fuerzas provinciales las fuerzas federales y si hace falta las fuerzas armadas argentinas voy a cambiar el código de imputabilidad de los menores a los 14 años el código civil el código penal perdón el código penal para que nunca más un violador un asesino pueda andar por la calle con tranquilidad van a purgar sus penas como la tienen que purgar acá me acompaña Hoy chocobar acá en la Argentina se vive el mundo del revés chocobar defendió un ciudadano le metieron nueve puñaladas imagínense lo que son nueve puñaladas y sin embargo lo querían mandar los que aristas a la cárcel para toda la vida sin embargo él defendió lo que hay que defender defendió a la ciudadanía Ese es el mundo que nosotros defendemos por eso el orden va a ser nuestro principal fundamento en esta política de seguridad nosotros defendemos a los ciudadanos y la tenemos muy clara los ciudadanos con nosotros los delincuentes con aquellos que liberan delincuentes y el que las hace";"2023-10-09";"https://www.youtube.com/watch?v=rSgyeo5MRUw"
"derecho a replica";"seguridad";"Myriam Bregman";"00:14:19";"00:15:02";"usted y todos los que promueven la manoa fracasar 7% la población carcelaria aumentaron todas las leyes generando una verdadera inflación penal Y qué tienen para mostrar porque cuando era ministra su orgullo era sacarse fotos en un secuestro de 25 porros literal ahora la escucho cada tanto que vuelve con bajar la edad de imputabilidad me gustaría que nos cuente hasta dónde hasta los 12 hasta los 10 hasta el jardín de infantes y le quiero aclarar burrich que estamos en una elección donde se elige presidente no jefe del servicio penitenciario gracias gracias Miriam";"2023-10-09";"https://www.youtube.com/watch?v=rSgyeo5MRUw"
"derecho a replica";"seguridad";"Juan Schiaretti";"00:15:08";"00:15:56";"juanti los últimos gobiernos los quistas y los de cambiemos dejaron solo las provincias en la lucha contra el narcotráfico hicieron la ley de federalización del narcomenudeo Ocho provincia de herimos Y saben qué la ley decía que nos tenían que enviar recursos no nos llegó ni un peso desde el año 2005 del 2012 cuando adherimos y Nosotros creamos igual la fuerza policial antinarcotráfico que es una fuerza de elit y no depende del poder político en Córdoba sino del fiscal general y la otra provincia tampoco recibieron Pero no importa que no nos hayan mandado los fondos porque nosotros vamos a pelear con ñ asci diente contra el narcotráfico lo que importa es que el gobierno nacional está ausente de esa pelea Gracias juanti el derecho réplica";"2023-10-09";"https://www.youtube.com/watch?v=rSgyeo5MRUw"
"derecho a replica";"seguridad";"Javier Milei";"00:16:00";"00:16:44";"de la misma manera que el debate anterior usted mienta sobre las cosas que yo digo antes lo hizo con la pandemia ahora lo hace con el tema de armas le cuento por si no lo entendió Yo sé que usted tiene gente que deforma mis mensajes nosotros lo que decimos es hay una ley de armas y lo que hay que hacer es cumplirla porque no puede ser que estén armados los delincuentes y los honestos Pero además también me gustaría saber digamos usted habló por ejemplo de eliminar leyes por dnu o de llevarse puesta garantías constitucionales a lo largo de la semana Ese es el modelo de seguridad que quiere qué quiere que esto sea una";"2023-10-09";"https://www.youtube.com/watch?v=rSgyeo5MRUw"
"derecho a replica";"seguridad";"Sergio Massa";"00:16:49";"00:17:36";"Yo creo que es muy importante que quienes venimos acá le contemos la verdad a la gente y los datos desmienten las mentiras en el año 2019 en la Argentina se liberaron 16000 presos en el año 2020 se liberaron 9000 con lo cual quien debe explicar la liberación de presos es quien era ministra de seguridad en ese entonces pero hay algo mucho más grave quién eliminó los inhibidores en las cárceles de Santa Fe en el año 2017 invito a que los argentinos chequeen en Google lo eliminó la señora patri ulrich de manera tal que un programa de seguridad debe partir por los candidatos comprometiéndose a la verdad Gracias Sergio maa retomamos";"2023-10-09";"https://www.youtube.com/watch?v=rSgyeo5MRUw"
"turno";"seguridad";"Juan Schiaretti";"00:17:44";"00:19:45";"exclusión social que aumenta día a día en Argentina Pero eso no es una excusa para no combatir con toda la fuerza la delincuencia hay que acabar con la puerta en los juzgados y esto significa Modificar el código penal y el código procesal penal hay que cambiar también la ley penal juvenil Porque la que hay vigente es de la última dictadura genocida y hay que hacerlo conforme las recomendaciones de la ONU y del unicef y hay que pelear en serio contra el narcotráfico el narcotráfico lo combate en todo el mundo el gobierno nacional y acá miran para el costado Argentina no produce droga pero tenemos una frontera que es un colador por lo tanto hay que cuidar la frontera y deben participar las fuerzas armadas hay que hacer la radar iaci en serio y hay que implementar en Argentina como tienen los países hermanos y vecinos la ley de derribo para aquellas aeronaves no identificadas que no acaten las indicaciones de los pilotos de fuerza aérea Hay que crear también una fuerza Federal antinarcotráfico que tenga al menos 15000 efectivos que no depende del poder polí sino de la procuraduría general de la nación y que est distribuido en todas las provincias y en la capital Federal hay que también tener cárceles de máxima seguridad para que no puedan los narco traficantes poder conducir su organización desde la cárcel y avanzar en el cuidado y en la investigación del lavado de activos porque eso es lo que le da el Imperio económico a los narcotraficantes si actuamos con combatiendo con toda Nuestra fuerza el narcotráfico si actuamos cambiando y terminando con la puerta giratoria Y acabando con que los usen a los adolescentes los mayores para hacer los robos piraña y otros delitos vamos a avanzar y mucho contra la inseguridad";"2023-10-09";"https://www.youtube.com/watch?v=rSgyeo5MRUw"
"turno";"seguridad";"Sergio Massa";"00:19:54";"00:21:55";"minutos Tengo la decisión de transformar la Argentina en un país seguro y el tema de la lucha contra la inseguridad lo voy a tomar como presidente desde el primer día lo voy a hacer sobre tres ejes muy claros el primero la prevención Ya lo hice en tigre Mi ciudad bajé 80% el robo automotor que es el delito que nadie deja de denunciar cámaras móviles sistemas satelitales de rastreo botón de pánico en cada celular para cada una de las ciudades de la Argentina de más de 50,000 habitantes financiada desde el estado nacional Pero además vamos a encarar como segundo eje la lucha de política contra el crimen y en ese sentido vamos a crear una agencia Federal con los mejores de cada una de las cuatro fuerzas federales sí un FBI argentino instalado en central Córdoba el edificio de Rosario que va a permitir que trabajemos sobre tres crímenes que son transnacionales corrupción narcotráfico y además la trata de personas tenemos el objetivo de que lo recaudado por la justicia y ese organismo vuelva a fortalecer el sistema de funcionamiento de las fuerzas de seguridad pero también de la justicia y una parte vaya a los clubes de barrio por la tarea social que realizan Por último el tercer eje tenemos que animarnos a exigirle cuentas también a la justicia no puede ser que un juicio por indemnización demore 5 años que una adopción demore 7 años y que una excarcelación o una orden de allanamiento demore 7 10 o 15 días claramente vamos a medir con un cambio en la ley el funcionamiento de los jueces para que también ellos Tenga que rendir cuentas frente a la sociedad";"2023-10-09";"https://www.youtube.com/watch?v=rSgyeo5MRUw"
"derecho a replica";"seguridad";"Patricia Bullrich";"00:22:03";"00:22:50";"burrich masa Hace 4 años que estás en el gobierno no hablé de tigre parece una vergüenza que hables de tigre cuando hace 4 años que estás con el gobierno que aumentó los homicidios el 70 por en Rosario dejó liberados a todos los narcotraficantes generó la peor crisis de seguridad que tenemos en la Argentina tus números quién te los da insaurralde que te dijo que vale 500 el bote que se compró el yate que se compró no podés hacer buena seguridad si tus socios son corruptos si son delincuentes vos defendiste a";"2023-10-09";"https://www.youtube.com/watch?v=rSgyeo5MRUw"
"derecho a replica";"seguridad";"Sergio Massa";"00:22:58";"00:23:42";"yo quiero contarles que tigre se transformó en 6 años en la ciudad más segura del conurbano pero que además vinieron de distintos lugares del mundo a copiar el modelo que habíamos desarrollado móviles controlados satelitalmente para que los patrulleros no duerman en las estaciones de servicio cámaras en todas las esquinas de los barrios y además el botón de pánico en el celular de Cada ciudadano yo no hablo de acusaciones falsas y respecto de insaurralde cometti un hecho gravísimo le pedí la renuncia al cargo le pedí la renuncia a la candidatura y no todos somos lo mismo Patricia vos nunca pediste la renuncia de milman bien muy";"2023-10-09";"https://www.youtube.com/watch?v=rSgyeo5MRUw"
"turno";"seguridad";"Myriam Bregman";"00:23:50";"00:25:41";"Gracias la derecha siempre dice que a la izquierda no le gusta hablar de inseguridad Cuando somos nosotros los que vivimos en un bar como cualquiera lo que no nos gusta es hacer demagogia punitiva como hacen ellos porque el gran Delito se organiza desde arriba y eso implica hablar de las complicidades en sectores de las fuerzas de seguridad políticos y judiciales por ejemplo no hay posibilidad de que existan redes de trata si no hay complicidad con Quienes manejan la frontera por eso me parece también muy importante pensar Cómo llegamos hasta acá desde la ley de entidades financieras de la dictadura que hablando los controles hasta la actualidad se fue dictando todo el andamiaje jurídico que facilita el lavado del dinero sucio llegamos al extremo de lo que se votó en el congreso la ley de sociedades por acciones simplificadas votada por todos durante el gobierno de macri incluido el bloque de es chiaretti cuando se discutió esta ley Nosotros le dijimos que no era para ayudar a los emprendedores como decían que le estaban dando un paraíso a los narcos y es lo que pasó ahora lo reconocen todos Durante los 90 con la privatización de puertos aeropuertos hidrovía también facilitaron la infraestructura para que entren y salgan los cargamentos de droga por eso hay que nacionalizar los puertos bajo control de los trabajadores y derogar toda esa legislación que permite el blanqueo y el lavado Mira el que te muestre los problemas de seguridad como un hecho aislado te está mintiendo como me decía Darío un joven de Rosario nos ofrecen más como soldaditos de la droga que en la fábrica metalúrgica en la que trabajo solo hay salidas si cuestionamos las condiciones estructurales de este sistema y garantizamos trabajo educación cultura para la juventud Muchas gracias";"2023-10-09";"https://www.youtube.com/watch?v=rSgyeo5MRUw"
"turno";"seguridad";"Javier Milei";"00:25:55";"00:27:57";"anarquía todos los arreglos institucionales contemplan la existencia del estado donde este se ocupa de Seguridad y Justicia en Argentina culpa de lacasta política el estado también falla en esta materia y el país es un baño de sangre este desastre es culpa de haber abrazado las ideas del doctor safaron que en los últimos 20 años ha causado un verdadero desastre en este país porque básicamente cambia el rol entre víctima y victimario haciendo que los delincuentes sean tratados como las víctimas cuando en realidad son los que tienen que estar encerrados Estas ideas cuando las propuso safaron y no eran nuevas ya se habían impulsado en las 60s en Nueva York y también 20 años después era un desastre afortunadamente desde el análisis económico kry Becker en un artículo de 1968 que se llama Crimen y Castigo dio solución a esto lo enfocó como una actividad sí que genera resultados y así cuando los beneficios aumentan esa actividad se expande al ponerlo en estos términos no solo es importante el rol de la seguridad sino que se vuelve fundamental el rol de la justicia en hacer efectivos los castigos es decir que sea costoso ser delincuente en este sentido para que esto empiece a funcionar nuevamente como corresponde en Argentina nosotros proponemos hacer una reforma de la ley de seguridad interior de defensa nacional la ley de inteligencia Modificar el sistema Carles celario Modificar el código penal el código penal procesal y en un contexto de reforma del sistema judicial para que sea verdaderamente independiente y que los delincuentes tenga que pagar porque en la Argentina liberal los que la van a pasar mal y van a tener miedo son los delincuentes";"2023-10-09";"https://www.youtube.com/watch?v=rSgyeo5MRUw"
"derecho a replica";"seguridad";"Patricia Bullrich";"00:28:08";"00:28:44";"17 desregulación y liberación de armas Así que si no cambiala pero si cambias la plataforma es porque no estabas convencido a las mamás y a los papás les digo que si se liberan las armas van a estar en manos de los monos las armas van a terminar masacrando chicos en las escuelas esa es la realidad y además si liberas la venta de órganos hoy el 10% de la venta de órganos ilegales en el mundo es trata de personas secuestran a chicos tratan a personas y venden órganos Esta es la realidad hoy Interpol";"2023-10-09";"https://www.youtube.com/watch?v=rSgyeo5MRUw"
"derecho a replica";"seguridad";"Juan Schiaretti";"00:29:03";"00:29:48";"Esti no veo que se haya hablado acá del combate al narcotráfico en un punto que es central para evitar que los narcos se hagan dueño de las barreras populares de las grandes ciudades si lo he visto aplicar en Medellín y lo aplicamos en Córdoba Qué son los consejo de seguridad barriales Qué es lo qué es lo que ellos representan la participación de centros vecinales clubes de barrios centrro de jubilado escuelas comerciantes todos junto a la policía el gobierno provincial y al gobierno municipal para generar un entramado social que impida que los narcos se hagan dueños de la barrad Popular lo estamos haciendo en Córdoba y quiero que lo hagamos en toda nuestra patria Argentina bien";"2023-10-09";"https://www.youtube.com/watch?v=rSgyeo5MRUw"
"derecho a replica";"seguridad";"Javier Milei";"00:29:56";"00:30:42";"señora Solo que vive aferrada a las mentiras que le arma su equipo de campaña muestra una falta de flexibilidad impresionante Le acabo de contar segundos atrás que lo que nosotros proponemos es que se respete la ley de armas que existe tal como existe y no como actúa hoy llena de restricciones que lo único que hace es favorecer a los delincuentes pero parece que está muy sete por favor suéltense un poquito y lo otro la venta de órganos tampoco proponemos la venta de órganos lo que nosotros decimos es que hay 7000 personas esperando un trasplante y 300,000 potenciales donantes y hay algo que no funciona en el medio y que genera un montón de corrupción O acaso a usted le gusta la corrupción bien cerramos Entonces el eje";"2023-10-09";"https://www.youtube.com/watch?v=rSgyeo5MRUw"
"turno";"trabajo y producción";"Juan Schiaretti";"00:31:34";"00:33:35";"producción tiene que haber inversión y Argentina tiene una tasa de inversión menor que el promedio de América Latina para que haya inversión tiene que haber estabilidad macroeconómica seguridad jurídica y no atacar a los inversores como hace el quiner además Tenemos que tener una estructura impositiva que no castiga la producción hay que eliminar las retenciones a las exportaciones del campo y el complejo agroindustrial y hay que sustituir impuesto distorsivo como ingreso bruto por un impuesto a la última venta o un IVA provincial como tiene Brasil hay que ayudar a las pymes que son las generadora de empleo para que generen más empleo y esto significa acabar con la Industria del juicio y poner en marcha el fondo de garantía por tiempo de trabajo como existe la industria de la construcción o todos los empleos de Brasil y bajarle las sociales a las pymes y ese fondo tiene que regir para los nuevos empleos de la misma manera Hay que transformar los programas sociales en empleo Genuino y esto significa entrenar nuevamente a quienes reciben los programas sociales y permitirles que al menos durante 5 años lleven sus beneficios cuando son ocupados por la economía formal y bajarle las cargas sociales a quienes le da trabajo a las p y además a los jóvenes Yo propongo lo que hicimos en Córdoba extenderlo en todo el país es el programa primer paso que significa que puedan hacer prácticas rentadas en las empresas privadas poniendo recursos el estado y los empresarios eso permitió que 200,000 jóvenes hicieran su práctica en las empresas privadas y muchos de ellos hoy son gerentes además de esto propongo que la promoción a las pymes para la industria se dé en función de los costos y no en función de la inversión hay que bajarle la energía y hay que darle subsidio a la mano de obra como hacemos en nuestra provincia de Córdoba Gracias Juan esiti le recordamos";"2023-10-09";"https://www.youtube.com/watch?v=rSgyeo5MRUw"
"turno";"trabajo y producción";"Sergio Massa";"00:33:55";"00:35:57";"mujeres los que trabajan y tomamos la decisión de poner en el trabajo uno de los ejes centrales de los próximos 4 años hemos planteado y estamos planteando una mejora en el ingreso desde dos lugares obviamente la paritaria libre Pero además la reducción de impuestos ya hay 16 millones y medio de argentinos que reciben la devolución del IVA y obviamente terminamos con la mentira del impuesto a las ganancias sobre el salario y más de 2 millones de argentinos ya no tienen esa preocupación lo hicimos hace algunas semanas pero creemos que además Hay que seguir haciendo y en ese sentido es clave hablarle a las personas con discapacidad que hoy son rechazadas del mundo de trabajo básicamente porque la pensión funciona como un límite se termina el límite de que el que tiene pensión no puede trabajar se termina esa muralla en paralelo quiero dejar Claro en en el mundo del trabajo el rol de las mujeres que hoy son discriminadas en el salario vamos a impulsar la obligatoriedad de que las empresas por la misma tarea paguen la misma remuneración a hombres y mujeres Quiero hablarle además a las pymes decirles que ya empezamos a eliminarle las cargas sociales hace dos semanas por los nuevos empleos y por el empleo de los jóvenes además de por incorporar a beneficiarios de programas sociales y en paralelo decirles que vamos a un sistema de simplificación tributaria no quiero empresarios pymes en la Argentina que tengan que andar haciendo un curso porque pagan 150 impuestos entre nación provincia y municipio por último quiero ser claro respecto del programa de desarrollo exportador energía minería y agro al que ya empezamos a bajarle las retenciones al maní por ejemplo en Córdoba y a la leche vamos a seguir impulsándolo porque son la consolidación de las reservas";"2023-10-09";"https://www.youtube.com/watch?v=rSgyeo5MRUw"
"derecho a replica";"trabajo y producción";"Myriam Bregman";"00:36:13";"00:36:58";"desesperada vive con mucha incertidumbre y el ministro ya firmó con el fmi para después de las elecciones más tarifazos más aumentos de combustible es decir menos salario menos jubilaciones hoy una enfermera va a la mañana al hospital a la a la tarde corre a la clínica y los fines de semana hace domicilios para llegar a fin de mes cuando recorremos las ferias con Nicolás del caño siempre nos encontramos con una jubilada que nos dice vengo a vender porque no no me alcanza me gustaría preguntarle al ministro si puede vivir con 124000 pesos por mes como viven los jubilados Bono incluido Muchas gracias Gracias Miriam breckman tiene su derecho";"2023-10-09";"https://www.youtube.com/watch?v=rSgyeo5MRUw"
"derecho a replica";"trabajo y producción";"Javier Milei";"00:37:03";"00:37:48";"señalar el problema de construcción del planteo de masa solo habla de trabajadores mire si se olvida del capital le digo que la productividad va a ser muy baja eh Si usted quiere hacer pozos con una retroexcavadora va a poder pagar salarios muy altos ahora si lo hace con una palita de la playa le va a ir mal y la gente va a vivir en situación miserable pero también digamos y eso lo hacen combatiendo al capital ustedes consecuencia de ello hoy el 30% de los trabajadores formales están por debajo de la línea de la pobreza Y claro no hizo ninguna referencia a la producción porque la producción se viene cayendo a pedazos como consecuencia de los errores de su gobierno Gracias Javier M es el";"2023-10-09";"https://www.youtube.com/watch?v=rSgyeo5MRUw"
"derecho a replica";"trabajo y producción";"Juan Schiaretti";"00:37:53";"00:38:40";"de un fetich él es el ministro que llevó la inflación del 65 al 140 por. el dólar que estaba en 250 pesos está en 900 pesos en el paralel tiene tantos tipos de cambio porque en el Banco Central no hay reserva las reservas de Banco Central están men1 como en el chinchón lo que hay que hacer es ayudar a las pymes serio Porque las pymes argentinas están sufriendo la competencia desleal porque tienen que competir con el importado con el dólar más bajo de lo que tiene masa y no pueden exportar porque los costos son superior a ese dólar eso es cuidar a las pymes y no lo que hace el gobierno actual bien tiene";"2023-10-09";"https://www.youtube.com/watch?v=rSgyeo5MRUw"
"derecho a replica";"trabajo y producción";"Patricia Bullrich";"00:38:45";"00:39:31";"dólar a 1000 mangos hiperinflación La angustia entrás un almacén y ya de entrada 5000 pesos te gastaste vos dejaste 2 millones más de pobres hablás de producción cuando en la aduana tenés que acomodarte para una Sira y tenés ahí un tongol que te dice Quién va primero en esa cola esa es esa es la Argentina que vos querés para la producción con qué cara dijiste que venías a sacar las papas del fuego y sabes lo que hiciste nos hiciste puré Esa es la realidad la Argentina está en la destrucción total y absoluto de su aparato productivo está en una situación de emergencia Y vos en vez de arreglar la emergencia cabas más fondo el más a fondo el pozo nosotros vamos a cambiar de verdad y para siempre Gracias Patricia bulrich se sumaron dos";"2023-10-09";"https://www.youtube.com/watch?v=rSgyeo5MRUw"
"derecho a replica";"trabajo y producción";"Sergio Massa";"00:39:42";"00:40:28";"algunos que escucho que parecen paracaidistas suecos que se olvidan que llevaron a la Argentina a la peor deuda de la historia de Argentina y del fmi también escucho algunos que se olvidan que Argentina está transitando la peor sequía de su historia Yo quiero dejar claro me hice cargo de la emergencia cuando muchos agitaban el helicóptero o la asamblea legislativa no me metí abajo de la cama porque amo mi país con el mismo amor el 11 de diciembre en la producción y el trabajo Voy a poner en marcha la economía y respecto de las economías regionales todos hablan pero el único que bajó las retenciones fui yo gracias";"2023-10-09";"https://www.youtube.com/watch?v=rSgyeo5MRUw"
"derecho a replica";"trabajo y producción";"Javier Milei";"00:40:41";"00:41:25";"sorprende porque la señora bullrich acaba de hablar de la Sira Es decir de la deuda con los importadores Argentina tiene cepo y ese cepo en el fondo es una fuente de corrupción y además es sido encubierto para los importadores a mí me sorprende el planteo que hace la señora burrich sabe por qué no por las bestialidades que hace masa sino por el hecho de que su potencial ministro de economía el señor melconian se juntó con el señor masa para pedirle que cuide la cira es decir que cuide un tongo que cuide la corrupción así quieren cambiar Gracias Javier m le toca el";"2023-10-09";"https://www.youtube.com/watch?v=rSgyeo5MRUw"
"derecho a replica";"trabajo y producción";"Juan Schiaretti";"00:41:30";"00:42:15";"poder importar tiene que venir casi de rodillas las oficinas de alguno de los funcionarios de masa para que le dejen traer un clavo y además no es verdad que favorece a la economías regionales como la leche de Córdoba los tres gobernadores de la región centro le pedimos que la declare economía regional a la lechería Y en vez de hacer eso le dio una baja de retención una eliminación por TR meses nada más masa sáquele el pie de encima al campo Déjelo que produzca y aumente la cantidad de dólares Genuinos que pueden venir a la Argentina en vez de aplastar el campo";"2023-10-09";"https://www.youtube.com/watch?v=rSgyeo5MRUw"
"derecho a replica";"trabajo y producción";"Sergio Massa";"00:42:22";"00:43:08";"voto en el congreso lo que se dice acá Porque muchos de los impuestos que se crearon entre el 2015 y el 2019 que le ponen la pata en la cabeza a las pymes y a los productores los votaron los diputados de Córdoba yo quiero ser claro El maní la leche el tabaco y otras economías regionales que cambian salta Jujuy catamarca fueron beneficiadas en los últimos meses con la eliminación de las retenciones que nadie se animó a hacer vienen acá y hablan y hablan y hablan de sacar la pata de la cabeza y después van y duplican los impuestos bien pidió derecha réplica";"2023-10-09";"https://www.youtube.com/watch?v=rSgyeo5MRUw"
"derecho a replica";"trabajo y producción";"Juan Schiaretti";"00:43:13";"00:43:59";"impuestos a los ingresos brutos de Argentina porque es 2,51 en Córdoba mientr 2,93 en el resto del país qué me habla de Aumentar los impuestos si lo vivimos bajando mása Y por qué no declaró economía regional a la lechería en vez de eliminarle temporariamente la retención Y claro que le ponen el pie encima al campo si ustedes aumentaron las retenciones al campo apenas asumieron y no quieren bajársela y eso hace de que la región pampiana le pase al tesoro nacional miles de millones de dólares al año en Córdoba ponemos 3,400 millones de dólares por año en esta confiscación que nos hace el estado nacional bien muy bien no hubo derecho a";"2023-10-09";"https://www.youtube.com/watch?v=rSgyeo5MRUw"
"turno";"trabajo y producción";"Myriam Bregman";"00:44:19";"00:46:20";"trabajadores porque nos quieren hacer creer problemas laborales que tenemos son culpa de que hay trabajadores que tienen muchos derechos y que si le sacamos a ellos todos los demás vamos a ser más felices de eso te hablan cuando te hablan de modelo okra cuando te hablan de la mochila austríaca a mí la realidad no me la tienen que contar soy diputada del frente de izquierda soy abogada de laburantes de fábricas recuperadas y lo que veo es que hoy estamos totalmente fragmentados en trabajadores bajo convenio bajo un plan social monotributistas tercerizados esa división la generan para explotar noos cada día más y la dirigencia sindical traidora es la que garantiza esa fragmentación Por eso tenemos que recuperar los sindicatos para que sean una herramienta de lucha para unir lo que ellos desun para mostrar que somos la inmensa mayoría y que tenemos la fuerza para dar vuelta a la historia nosotros desde la izquierda somos los únicos que tenemos una propuesta para unir tras una bandera de lucha a la clase trabajadora nosotros proponemos reducir la jornada laboral a 6 horas 5co días a la semana y las horas que quedan libres que quedan vacantes que sean repartidas entre aquellos que hoy no tienen trabajo o tienen un trabajo precario de esta manera aplicado solo a las grandes empresas Se podrían generar 1,2000 puestos de trabajo Genuino que nadie cobre menos de lo que cuesta la canasta familiar con un salario que alcance por supuesto y sin aumentar los ritmos de trabajo el la salida hay que decirlo claro No no es pisándole la cabeza al de al lado es peleando con unidad para que gobiernen los que nunca gobernaron porque siempre dijeron que la clase trabajadora tenía que ser la columna vertebral del movimiento nosotros peleamos porque sea la cabeza de una nueva sociedad Gracias";"2023-10-09";"https://www.youtube.com/watch?v=rSgyeo5MRUw"
"turno";"trabajo y producción";"Javier Milei";"00:46:27";"00:48:30";"estancados desde el año 2011 eso implica que hoy el ingreso per cápita argentino está 15% por debajo de dicho nivel de referencia no solo eso la cantidad de puestos de trabajo del sector formal está clavado en 6 millones y es tan escandaloso el desequilibrio en el mercado laboral que hay 8 millones que están en el mercado informal la única forma de encontrarle solución a esto es con crecimiento económico pero el crecimiento económico implica acumulación de capital capital físico y capital humano y también Progreso tecnológico ahora la acumulación de capital se da cuando se invierte ahora nadie va a invertir dinero si no puede ganar plata es decir si usted tiene una maraña de fiscal imposible es imposible ganar dinero nadie va a invertir Y si usted gana dinero es que usted quiera seguir si no van a respetarle su derecho de propiedad pero no solamente eso además hay que financiarlo Y eso se financia con ahorro Y eso implica postergar el consumo en el tiempo sin embargo la casta lo único que hace es consumir capital porque vive consumiendo con su modelo del gasto Y entonces cuando genera déficit fiscal sube los impuestos bajan los beneficios se acumula menos capital o emite dinero genera inflación que también es un impuesto pero al mismo tiempo distorsiona los precios y hace que la asignación de recursos sea incorrecta o se endeuda Y entonces genera más riesgo país más tasa de interés falta de financiamiento y Por ende se cae la inversión el empleo y los salarios reales ni que hablar de la idea la justicia social de redistribuir el ingreso Y castigar el ahorro y la inversión por lo tanto estas medidas de combatir el modelo de la casta tiene que ser complementado con una modernización del sistema laboral y reducción de las penalidades sales tiempo jav m hubo un pedido de";"2023-10-09";"https://www.youtube.com/watch?v=rSgyeo5MRUw"
"derecho a replica";"trabajo y producción";"Myriam Bregman";"00:48:36";"00:49:16";"difícil lo hace para ocultar su verdadero plan indemnizaciones afuera licencias afuera aguinaldo afuera si sos monotributista precarizado no registrado ya estás afuera pero con lo que propone mi ley no vas a estar mejor no te van a dar los derechos que hoy no tenés Porque la única libertad que defiende Javier Miley es la libertad de que te exploten sin límites Muchas gracias gracias Miriam breckman Javier m pidió su derecho a";"2023-10-09";"https://www.youtube.com/watch?v=rSgyeo5MRUw"
"derecho a replica";"trabajo y producción";"Javier Milei";"00:49:19";"00:50:19";"socialistas supieran de economía no serían socialistas es tu caso Miriam puede por favor me das los 10 segundos que me robó sí se los vamos a dar ustedes se comprometieron a no interrumpir las intervenciones del resto adelante ya son 20 además habla de reducir la jornada laboral para generar puestos de trabajo esto es maravilloso porque entonces no la llevamos a una sola hora un día va a haber empleo para todos es decir es como decir que se modifica la ley de gravedad con un decreto pero como si todo esto fuera poco dice que el salario tiene que estar por encima de la canasta básica que sería maravilloso Pero sabes cuál es el problema que con las cosas que vos propones en lugar de tener más vamos a tener muchísimo menos y vamos a tener un nivel de desempleo enorme y todas las empresas quebradas que seguro vos vas a querer nacionalizar Gracias Javier Miley";"2023-10-09";"https://www.youtube.com/watch?v=rSgyeo5MRUw"
"derecho a replica";"trabajo y producción";"Sergio Massa";"00:50:30";"00:51:16";"llegaste deja de faltarle el respeto a las mujeres porque me parece que más allá de que piensen distinto tienen derecho a opinar distinto a vos y me parece que muestra tu rasgo autoritario quiero dejar bien claro lo que está planteando mi ley básicamente es un mercado de trabajo donde las mujeres no tienen posibilidad de desarrollo donde los más jóvenes tienen que ir al mercado precario del salario donde los trabajadores pierden su derecho a las vacaciones pagas y a la indemnización y sobre todas las cosas donde volvemos a un régimen de esclavitud Qué es lo que está planteando cuando habla de 100 años para atrás eh Gracias Sergio maa eh le";"2023-10-09";"https://www.youtube.com/watch?v=rSgyeo5MRUw"
"turno";"trabajo y producción";"Patricia Bullrich";"00:51:38";"00:53:40";"tiene todo pero los argentinos no tenemos nada hace 20 años que la mafia política y sindical del quichis moo se llevan todo a su casa están en los bolsos de López están en el shat inzaurralde eso vos lo sabés un juicio laboral se lleva puesto una pyme un monotributista cobra una jubilación de porquería un un empleo solo se consigue en la informalidad por eso nosotros queremos sacarle la pata encima a la producción de verdad como lo hicimos cuando fuimos gobierno a las pymes al campo a la producción en todas en todas las regiones de nuestro país a todas las economías regionales miente masa cuando dice que no sacamos las retenciones miente otra vez más Y nosotros defendemos a los que trabajan no a los que bloque empresas acá me acompaña Paulina de lacteos mayol que cerró su empresa por un bloqueo ustedes defienden a los sindicalistas que están con voz en la cgt que todos los días cierran empresas y terminan con el trabajo argentino nosotros vamos a bajar impuestos al trabajo nosotros queremos hacer una verdadera ley para el trabajo informal Por qué Porque hoy si tenés trabajo informal o tenés planes sociales no entrás una ley simple y Clara para que puedan conseguir puestos de trabajo y vos mi ley con barrion nuevo al lado no vas a hacer nada ya te metiste adentro te metió la casta adentro por otro lado te lo digo clarito las indemnizaciones tienen que ser justas para las dos partes hoy no lo son y en el comercio con el mundo como lo te lo dije antes no puede haber ningún tipo de tongol te aviso a todos los que hoy hacen paro mollano barrionuevo y todos los que amenazan todos los días con nosotros es Argentina del paro permanente se termina viene una Argentina del trabajo una Argentina donde las familias puedan conseguir su empleo donde puedan vivir en felicidad y no estén todos los días extorsionadas por los gerentes de la pobreza cambia la Argentina Gracias Patricia bulrich Bueno";"2023-10-09";"https://www.youtube.com/watch?v=rSgyeo5MRUw"
"turno";"desarrollo humano, vivienda y protección del ambiente";"Sergio Massa";"00:55:52";"00:57:54";"importante primero porque lo elegiste vos desde tu casa con tu voto segundo porque habla de la casa común como la Define el Papa Francisco y de tu casa de tu propia casa Te quiero contar en primer lugar lo que vamos a hacer con tu casa dos grandes ejes el primero orientado al crédito hipotecario ya estamos trabajando en un acuerdo con el sistema financiero para que puedas tener acceso a un crédito hipotecario sobre la base de un sistema de actualización con coeficiente de variación salarial simple la cuota aumenta si aumenta tu salario en segundo lugar estamos detectando todo los inmuebles ociosos que tiene a lo largo del país el estado nacional Ahí vamos a poner en marcha un programa de lotes con servicios 2 millones de lotes con servicios con agua cloacas con pavimento y con alumbrado con inversión Pública para que vos puedas Acceder al lote para poder construir tu casa pero en paralelo tenemos la responsabilidad de cuidar la casa común la casa de todos y en ese sentido hay tres cosas claras Vengo planteando desde el 2014 la reforma del Código Penal quien contamina un río Tala un bosque o destruye un humedal tiene que ir a prisión de 3es a 8 años de prisión en segundo lugar energías renovables Argentina tiene la enorme oportunidad por sus corrientes marinas por su energía solar pero también por la energía eólica y por el gas de ser uno de los grandes jugadores mundiales del hidrógeno y En tercer lugar y no menos importante también hay un tema que tiene que ver con el cuidado del ambiente y es que vos seas protagonista del desarrollo de un programa ambiental que nos permita el cuidado a todos casa común y casa propia el desafío del próximo 4 años Gracias candidato Sergio maa han pedido";"2023-10-09";"https://www.youtube.com/watch?v=rSgyeo5MRUw"
"derecho a replica";"desarrollo humano, vivienda y protección del ambiente";"Myriam Bregman";"00:58:01";"00:58:51";"en el congreso masa dijo hace poco que no tendría que haber una ley Nacional de alquileres eso es muy peligroso porque deja sin una garantía mínima a aquellos que tienen que alquilar quienes hemos alquilado por muchos años sabemos la terrible incertidumbre que significa no tener un techo para vivir acá los veo hacer muchas propuestas y promesas pero hay medidas urgentes que se tienen que tomar impuestos progresivos inmediatos a la vivienda ociosa créditos hipotecarios accesibles ya y un plan Nacional de Vivienda para solucionar la emergencia habitacional que la plata no vaya para el fmi vaya para vivienda Y dejen de desalojar a todos los que reclaman vivienda en la matan Gracias candid ha finalizado su 45 segundos muy amable el";"2023-10-09";"https://www.youtube.com/watch?v=rSgyeo5MRUw"
"derecho a replica";"desarrollo humano, vivienda y protección del ambiente";"Patricia Bullrich";"00:58:56";"00:59:44";"pobres más en el tiempo que va tu año de gobierno tu año de ministro de economía de qué hablas hoy no compra una casa a nadie en la Argentina Nadie puede alquilar no le alcanza la plata para nada Y vos hablás de un país que no existe los únicos que compran casas en este país son los kisneristas tus amigos que se compran las casas en todos los count de la Argentina los ladrones de siempre que hace 20 años nos vienen robando por eso te digo los argentinos han empeorado la vida y ustedes han generado este empeoramiento de la vida de los argentinos y es muy evidente No es cierto nosotros vamos a trabajar para que el que roba tenga una condena para que nunca más en la Argentina el desarrollo humano depende de los corruptos Gracias Patricia bulrich no";"2023-10-09";"https://www.youtube.com/watch?v=rSgyeo5MRUw"
"turno";"desarrollo humano, vivienda y protección del ambiente";"Myriam Bregman";"00:59:50";"1:01:53";"Miriam bregman el sistema capitalista está destruyendo el planeta sequías incendios ola de calor contaminación y más contaminación y aún así todos los candidatos Proponen profundizar el camino del extractivismo y el saqueo de los bienes comunes naturales en eso están todos de acuerdo quieren que seamos una mera plataforma exportadora de materias primas te prometen un modelo de desarrollo pero ese cuentito ya lo vimos dejan a las multinacionales hacer lo que quieran incluso llevarse los dólares otra vez las penas son de nosotros y las vaquitas son ajenas en Jujuy lo dejaron claro están dispuestos a todo con tal de que avancen las empresas y saqueen el litio ese es el secreto económico que hay detrás del llamado a la unidad nacional de Sergio maa al gobernador Gerardo morales y otros gobernadores otro ejemplo grave este gobierno nacional acaba de autorizar la explotación petrolera a las costas atlánticas a pesar de que ciudades enteras Como mar del plata se movilizan porque están en contra necesitamos avanzar en un programa de transición energética Que respete a las comunidades a las poblaciones los derechos de los propios trabajadores y que se inicie por la estatización de toda la Industria del sector la juventud que se moviliza en el mundo nos muestra el camino de la lucha contra el capitalismo y la destrucción del planeta es una lucha internacional y quiero decir una cosa más antes de terminar ley de humedales ya todos se pusieron de acuerdo y la cajonear en el congreso tenemos que volver a recuperar la calle para conquistar una ley de humedales por un mar sin petroleras no a la megaminería contaminante el agua se defiende Esas son las demandas que nuestro pueblo pone en la calle todos los días y que acá no quieren Escuchar Me parece muy importante traer esta voz como la de los pueblos que dicen no queremos seguir siendo pueblos fumigados";"2023-10-09";"https://www.youtube.com/watch?v=rSgyeo5MRUw"
"turno";"desarrollo humano, vivienda y protección del ambiente";"Javier Milei";"1:01:57";"1:04:00";"desde mi punto de vista y acorde al indicador de desarrollo humano son tres elementos los fundamentales para determinar el desarrollo humano unos son los ingresos segundo la longevidad y tercero la educación es interesante esto porque dos de los tres están fuertemente vinculados a la libertad económica fíjense materia de ingresos aquellos países que son más libres son ocho veces más ricos que los reprimidos el decil más bajo en la distribución no solo que está 11 veces mejor que su par reprimido sino que está mejor que el 90 por de la población del país reprimido en materia de longevidad aquellos países que son más libres las personas viven un 20% más por otra parte en lo que tiene que ver con la educación la educación nosotros lo abordamos desde la lógica del capital humano y para llegar al capital humano de segunda generación como es este caso requiere un trabajo previo en eso nosotros estamos trabajando fuertemente en el área de niñez y familia proponemos una política de protección efectiva eliminar los intermediarios mejorar la trazabilidad dar asistencia descentralizada mejorar la informática y mejorar sobre todas las cosas las transparencias por otra en materia de salud apuntamos a un seguro de salud con cobertura universal en una acción coordinada con provincias y municipios para lograr censar a todos los argentinos Y que todos tengan acceso a la salud finalmente en materia de Educación nuestro compromiso con la alfabetización y también una evaluación y publicación de los resultados permanentemente para que haya competencia entre instituciones y obviamente libre elección de contenidos para que cada uno pueda formar su carrera por lo tanto abrazando la ida de la libertad y defendiendo el capital humano alcanzaremos el desarrollo humano";"2023-10-09";"https://www.youtube.com/watch?v=rSgyeo5MRUw"
"derecho a replica";"desarrollo humano, vivienda y protección del ambiente";"Myriam Bregman";"1:04:12";"1:04:54";"Es una de las muestras más claras de la irracionalidad de este sistema capitalista que mi ley defiende hasta hay partículas de plástico en la atmósfera pero mi ley defiende la libertad de las empresas para contaminar hasta los ríos y llegó a decir que el cambio climático es un invento del socialismo bueno que cacare que diga lo que quiera nosotros nosotras con Nicolás del caño con todos mis compañeros y compañeras vamos a seguir acompañando al pueblo de Mendoza que defiende el agua al pueblo de chubut que lucha contra la mega minería contaminante Por qué han hecho retroceder los pactos Que ellos hacen contra los derechos Gracias";"2023-10-09";"https://www.youtube.com/watch?v=rSgyeo5MRUw"
"derecho a replica";"desarrollo humano, vivienda y protección del ambiente";"Patricia Bullrich";"1:05:00";"1:05:47";"wolrich el desarrollo humano mi ley es empezar por respetar a las personas le decís mongólicos al que piensa distinto que vos insultas a católicos y judíos a los longevidad que acabas de hablar le decís viejos meados a la cámpora sos Exactamente igual motr motosierras violencia a los jóvenes y agredí a las mujeres y no necesitamos más a que vos nos defiendas nos defendemos solas ten tenerlo clarito y te quiero decir algo La única manera de que haya desarrollo humano es que la Argentina tenga un modelo como el que nosotros planteamos un modelo en el que no haya inflación en el que no haya más déficit fiscal en el que las cuentas públicas vayan por buen camino Ese es el desarrollo humano lo demás es pura mentira Gracias Patricia";"2023-10-09";"https://www.youtube.com/watch?v=rSgyeo5MRUw"
"turno";"desarrollo humano, vivienda y protección del ambiente";"Patricia Bullrich";"1:05:54";"1:07:49";"tema sabes lo que traba en la Argentina los el desarrollo humano de los argentinos los bols de López los Sueños compartidos que no los compartieron con nadie solo con ellos los hoteles de Cristina Fernández kisner el yate de insurralde para que la Argentina tiene tenga desarrollo humano tienen que dejar de robar má a dejar de robar entenderlo de una vez por todos se llevan todo se llevaron rutas hospitales escuelas todos sus bolsillos los niis de la cámpora que dijiste que los iba a combatir ahora los ponés en planta permanente ellos tien buenos salarios 9 billones tiene batakis y la gente se muere de hambre Entonces los niis de la cámpora Son los únicos favorecidos los únicos niños favorecidos de este país Así que para que la Argentina vuelva a tener campo empresas alquileres sueldos casas poder cuidar su ambiente necesitamos que la vida de tu familia ese dinero vaya a tu familia que la casa sea para tu familia y no para la familia de los burócratas del Estado necesitamos que el dinero vaya a las personas a las sectores medios que están destruidos necesitamos que todo el dinero de la Argentina realmente se concentre se concentre en la gente el 100% aumentaron ustedes el estado Sabes que estado aumentaron el estado de los burócratas si ese estado Hoy estuviera en las casas para que Cada ciudadano argentino tenga un crédito para poder comprar una casa para que los jóvenes puedan alquilar para que los estudiantes puedan tener un crédito para estudiar mejor para que Cada ciudadano Argentina tenga posibilidades el país sería otro para eso hay que dejar de robar hay que sacarse el quismo de encima de una vez y para siempre Gracias candidata Patricia";"2023-10-09";"https://www.youtube.com/watch?v=rSgyeo5MRUw"
"turno";"desarrollo humano, vivienda y protección del ambiente";"Juan Schiaretti";"1:07:57";"1:09:57";"cosa que la movilidad social ascendente el derecho a la salud derecho a la educación a un trabajo Digno y a la vivienda propia todo lo contrario de la obscenidad que es el caso de insaurralde o de chocolate y todo lo contrario también a lo que es más de 40% de pobres que trae el quiner ismo y el gobierno de más yo espero que la ley caiga con toda su fuerza sobre lo que hicieron is sarralde y chocolate y además en la vivienda es obvio que para que tengamos vivienda hace falta que haya créditos individuales como todo el mundo y Para eso tiene que haber estabilidad económica los créditos tienen que ser dados y corregidos con la variación salarial y nunca la cuota puede ser superior al 25% del ingreso de la familia y el estado nacional y provincial deben hacer las viviendas populares para los sectores sin recursos como deben urbanizar los asentamiento qué es lo que estamos haciendo en mi provincia porque la gente sola no puede y en relación Al cuidado de la ecología hay que continuar cumpliendo Los acuerdos de París y la agenda 2030 y hay que parar y dar vuelas lo que hizo el quiner mismo y el gobierno de masa que bajaron el corte de los biocombustibles perjudicando a Santa fea Córdoba tucumán y a las provincias que somos productores de biocombustible Y aumentando la huella de Carbón hay que subir el corte biocombustible al 20% en biodiésel y al 27 en bioetanol y de allí para arriba También tenemos que crear el mercado Nacional de carbono hay muchos recursos que Argentina está desaprovechando y Son recursos que hay en el mundo como tenemos que avalar la economía circular y poner recursos para ello Esto es lo que exige el cuidado del ambiente y lo tenemos que hacer Gracias";"2023-10-09";"https://www.youtube.com/watch?v=rSgyeo5MRUw"
"pregunta";"preguntas cruzadas";"Patricia Bullrich";"1:10:59";"1:11:12";"todos los chorros demás en las listas Javier lo tenés a bargon Nuevo que te banca la campaña Con qué dinero vos crees que vas a cambiar algo con tantos chorros adentro de tus listas Miley candidato Miley";"2023-10-09";"https://www.youtube.com/watch?v=rSgyeo5MRUw"
"respuesta";"preguntas cruzadas";"Javier Milei";"1:11:13";"1:11:58";"bullrich vos también tenés un montón de gente en tus listas que viene de otro lado pero parece que tenés un problema con la inflexibilidad y mientras que vos sí podés lavar tu pasado de montonera asesina nosotros digamos otros que solo gritamos y decimos cosas no podemos cambiar no podemos tomar otra gente y además te cuento el caso de barrionuevo mira hoy el empleo informal es más importante que el formal y todos aquellos que se quieran sumar a arreglar los problemas de los argentinos son bienvenidos no como tu espacio que se la pasa bloqueando todo el tiempo y que cuando el líder de tu hac algo racional vas y gritas Gracias";"2023-10-09";"https://www.youtube.com/watch?v=rSgyeo5MRUw"
"pregunta";"preguntas cruzadas";"Juan Schiaretti";"1:12:05";"1:12:22";"responda Patricia nosotros en Córdoba hicimos en dos años 3100 km de gasoducto y el plan belano que puso en marcha Mauricio el gobierno que participaste fracasó rotundamente cuál es tu plan para que el norte tenga";"2023-10-09";"https://www.youtube.com/watch?v=rSgyeo5MRUw"
"respuesta";"preguntas cruzadas";"Patricia Bullrich";"1:12:26";"1:13:11";"Esti Córdoba Recibió la mayor cantidad de obras en el gobierno del presidente Mauricio macri no falte la verdad por un tema electoral usted sabe perfectamente gobernador que fue una de las provincias que más fondos recibió que tuvo rutas la de San Francisco que el otro día dijo mintió porque la de San Francisco fue comenzada y avanzó un 30% en la gestión de Mauricio macri entonces todas las cosas que se hicieron en la gestión de Mauricio macri no las reconoce porque está en campaña no me parece de una buena persona hacer eso usted debería como cordobés que solamente habla de Córdoba defiende a Córdoba no parece un candidato presidente reconocer lo que el gobierno de Mauricio macri ha hecho en";"2023-10-09";"https://www.youtube.com/watch?v=rSgyeo5MRUw"
"pregunta";"preguntas cruzadas";"Sergio Massa";"1:13:17";"1:13:33";"con nosotros 24 leyes en el último año y solo dos con la libertad avanza y el domingo pasado no fuiste Clara con tus electores de verdad para vos es lo mismo mi ley que nosotros Sergio Sergio me";"2023-10-09";"https://www.youtube.com/watch?v=rSgyeo5MRUw"
"respuesta";"preguntas cruzadas";"Myriam Bregman";"1:13:34";"1:14:22";"parece que ante todo lo que decís es un tanto irresponsable porque lo querés acá lo presentan a mi ley como viene la derecha es un monstruo después le arman las listas y sí Y sí le lo llamás a la unidad nacional el otro día llamaste a la unidad nacional te olvidaste de mí Pero mira llamaste a a Miley a villarruel vos sabés Con quiénes vas a poder pagarle al fmi y seguir el plan de ajuste con nosotros no Sergio Así que chicanitas no Si querés enfrentar a la derecha votá a la izquierda porque ellos ya gobernaron y fracasaron y ahora le arman las listas a Javier Miley como reconocieron desde berni hasta Juan grabois no al programa del fondo monetario y además sabes qué no estamos en un balot Sergio No te apures Gracias";"2023-10-09";"https://www.youtube.com/watch?v=rSgyeo5MRUw"
"pregunta";"preguntas cruzadas";"Javier Milei";"1:14:29";"1:14:44";"tweet respecto a lo que pasó en Israel me puede explicar cómo va usted avanzar en su política internacional si adentro de su espacio tiene gente que apoya a los terroristas y es amigo de los países";"2023-10-09";"https://www.youtube.com/watch?v=rSgyeo5MRUw"
"respuesta";"preguntas cruzadas";"Sergio Massa";"1:14:45";"1:15:32";"delincuentes Bueno lo primero que quiero contarte es que no solamente conden hoy sino que además desde el año por ahí en ese momento no mirabas con atención lo que pasaba en la política vengo planteando la ley de juzgamiento en ausencia para que los terroristas que hicieron atentados en la Argentina puedan ser juzgados y condenados en la Argentina desgraciadamente vengo siendo bloqueado sistemáticamente por el partido de la señora bullrich pero quiero ser muy claro no solamente condeno ataque terrorista el 10 de diciembre voy a ser presidente y voy a incluir a jamas en la lista de organizaciones terroristas de Argentina ahora es el turno de la";"2023-10-09";"https://www.youtube.com/watch?v=rSgyeo5MRUw"
"pregunta";"preguntas cruzadas";"Myriam Bregman";"1:15:38";"1:15:46";"después con macri y ahora está coqueteando con Miley Ese es el futuro que le promete a cordobeses cordobesas y";"2023-10-09";"https://www.youtube.com/watch?v=rSgyeo5MRUw"
"respuesta";"preguntas cruzadas";"Juan Schiaretti";"1:15:47";"1:16:26";"hizo el primer tratado del mercosur junto con Celso canciller de lulle en Brasil fui también el funcionario que hizo el régimen Automotriz para que vuelvan las automotrices que se ha venido de Argentina y también le di posibilidad de gobernabilidad tanto a macri y los quiner estas me acusaron de macrista como le dimos al quinero y los macristas nos acusan de querit lo que nunca vamos a hacer es no respetar la voluntad popular y nunca tampoco vamos a votar una ley que perjudi al interior de la patria Gracias la segunda Ronda de las";"2023-10-09";"https://www.youtube.com/watch?v=rSgyeo5MRUw"
"pregunta";"preguntas cruzadas";"Sergio Massa";"1:16:36";"1:16:50";"de cardiopatías congénitas dos chicos por día en la Argentina tienen esa enfermedad cómo le explicas a una mamá que el estado no se hace cargo de atender esa";"2023-10-09";"https://www.youtube.com/watch?v=rSgyeo5MRUw"
"respuesta";"preguntas cruzadas";"Javier Milei";"1:16:52";"1:17:35";"parece que tu adicción a la estatismo te hace mal te aviso que hay salud pública y que ese tipo de cardiopatías congénitas tienen que ser atacadas y trabajadas por la salud pública esto quiere decir que si vos tenés que hacer una ley para que hagan lo que tiene que hacer significa que el sistema anda mal es decir yo lo que quiero es que si Entonces vamos a tener salud que funcione y no que se la roben o no que hagan un desastre como hicieron durante la pandemia que si hubiéramos hecho las cosas como un país mediocre hubiéramos tenido 30,000 muertos y tenemos 130,000 por culpa de este gobierno genocida ahora la pregunta es de Juan";"2023-10-09";"https://www.youtube.com/watch?v=rSgyeo5MRUw"
"pregunta";"preguntas cruzadas";"Juan Schiaretti";"1:17:39";"1:17:56";"nos pagas a las provincias que no transferimos las cajas que son 12 de acuerdo a lo que dice la ley no estás pagando el 20% porque incumplir la ley obviamente Córdoba inició demanda ante la suprema corte pero quisieron una respuesta a eso por ahí la gente no";"2023-10-09";"https://www.youtube.com/watch?v=rSgyeo5MRUw"
"respuesta";"preguntas cruzadas";"Sergio Massa";"1:17:57";"1:18:42";"entendió se refiere a la caja de jubilaciones y se refiere al reclamo de las provincias en atención a la caja de jubilaciones y su actualización le quiero contar porque a lo mejor el gobernador como está terminando su mandato no sabe Pero frente al pedido que me hiciera Martín yar yora decidimos ampliar lo que enviamos al presupuesto en el congreso para establecer un mecanismo de actualización para que la caja de jubilaciones de Córdoba así como también la caja de jubilaciones de neuquén tengan su mecanismo de actualización automático y reciban los fondos que garanticen que obras sociales provinciales y jubilados provinciales tengan su dinero que pone la nación todos los meses Gracias";"2023-10-09";"https://www.youtube.com/watch?v=rSgyeo5MRUw"
"pregunta";"preguntas cruzadas";"Javier Milei";"1:18:49";"1:19:02";"tanto el socialismo Me podría decir cuál es la lista de empresas y sectores que usted va a nacionalizar en caso de ser gobierno mire Javier milei Yo sé que a";"2023-10-09";"https://www.youtube.com/watch?v=rSgyeo5MRUw"
"respuesta";"preguntas cruzadas";"Myriam Bregman";"1:19:03";"1:19:50";"comprender esta explicación pero yo individualmente no voy a hacer nada porque lo que yo peleo es por un gobierno de los trabajadores y de las trabajadoras lo dije antes tal vez usted no lo escuchó porque estaba tomando nota yo peleo porque toda la economía se planifique democráticamente al revés de lo que oc ahora donde todo se organiza en función de un grupo de empresarios de unos monopolios que según sus ganancias deciden si tenemos vacunas no tenemos vacunas si tenemos alimentos no tenemos alimentos yo estoy por una planificación democrática de la economía donde los trabajadores y trabajadoras decidan todo en función de las necesidades sociales a usted le debe parecer aberrante pero a mí me parece el mejor futuro por el que puedo pelear para la juventud y para la";"2023-10-09";"https://www.youtube.com/watch?v=rSgyeo5MRUw"
"pregunta";"preguntas cruzadas";"Patricia Bullrich";"1:19:56";"1:20:02";"Usted cree que la dolarización favorecería a la industria y a las pymes de";"2023-10-09";"https://www.youtube.com/watch?v=rSgyeo5MRUw"
"respuesta";"preguntas cruzadas";"Juan Schiaretti";"1:20:03";"1:20:52";"tamaño de Argentina con la complejidad de la economía Argentina que se haya dolarizado es una propuesta que sin duda no se aplica en los países como Argentina y no se precisa la dolarización lo que precisamos es tener equilibrio fiscal tener un Banco Central independiente que lo conduzca la oposición y avanzar en la estabilidad monetaria el tipo de cambio con un régimen desdoblado tipo de cambio oficial competitivo y tipo de cambio libre para que converja y evitemos la hiperinflación pero no mienta AB macri no hizo la parte que le correspondía de la autopista Córdoba San Francisco la firmamos en enero del 2016 y hizo solamente el 30% cuando se fue Gracias candidato la última pregunta de esta";"2023-10-09";"https://www.youtube.com/watch?v=rSgyeo5MRUw"
"pregunta";"preguntas cruzadas";"Myriam Bregman";"1:20:59";"1:21:13";"espiar los celulares de las personas detenidas Pero por qué hace tanta diferencia cuando se trata de un funcionario público como su exjefe de campaña al que le protegió el teléfono todo lo que pudo";"2023-10-09";"https://www.youtube.com/watch?v=rSgyeo5MRUw"
"respuesta";"preguntas cruzadas";"Patricia Bullrich";"1:21:14";"1:22:01";"bregman usted sabe lo que es el narcotráfico usted sabe lo que es el Chapo Guzmán sabe lo que es el jefe de una banda de narcotráficos sabe que le acaban de intervenir el teléfono al abogado del juez Vento Mendocino Por qué Porque son parte de las asociaciones ilícitas siempre lo va a hacer un juez pero yo conocí dos casos una abogada que mató un testigo Y esa abogada no le habían querido intervenir el teléfono y sabíamos que era parte de la organización criminal conocí otro caso le intervenimos el teléfono a Guille cantero y Guille cantero Estaba preso estaba libre en flores y así por el por medio de la abogado que era parte de la organización lo metimos preso nosotros vamos a dar la lucha contra el narcotráfico en todos los planes con la ley y con la justicia Gracias candidata";"2023-10-09";"https://www.youtube.com/watch?v=rSgyeo5MRUw"
"pregunta";"preguntas cruzadas";"Javier Milei";"1:22:10";"1:22:28";"esiti tanto Juntos por el cambio como Unión por la patria quieren mantener las retenciones nosotros somos los únicos que proponemos eliminar la de cuajo podría decir qué es lo que más le favorecería a su lugar he dicho siempre";"2023-10-09";"https://www.youtube.com/watch?v=rSgyeo5MRUw"
"respuesta";"preguntas cruzadas";"Juan Schiaretti";"1:22:29";"1:23:15";"que hay que eliminar la retención a las exportaciones agropecuarias somos los únicos que hemos mantenido esa posición desde hace tiempo porque es una confiscación que le hacen al interior productivo desde aquí desde la República de lamba que es el área metropolitana Buenos Aires que es de dónde gobierna Y dónde miran la Argentina los gobiernos de la grieta hay que eliminarle y sacarle el pie de encima al campo mi provincia dije hace unos instantes se llevan 3400 millones de dólares por año en Santa Fe se llevan lo mismo y en todas las provincias productivas se llevan recursos al tesoro nacional que si quedaran en las provincias generarían más progreso y más crecimiento Gracias";"2023-10-09";"https://www.youtube.com/watch?v=rSgyeo5MRUw"
"pregunta";"preguntas cruzadas";"Sergio Massa";"1:23:22";"1:23:40";"turístico definitivamente en la Argentina y a lo largo de las últimas semanas los economistas de bullrich dijeron que lo iban a eliminar 7 millones y medios de argentinos lo usaron 500.000 trabajan en el sector lo van a eliminar sí o no";"2023-10-09";"https://www.youtube.com/watch?v=rSgyeo5MRUw"
"respuesta";"preguntas cruzadas";"Patricia Bullrich";"1:23:41";"1:24:26";"masa la inflación que generaste es producto del gasto fiscal brutal de que metes a los okis de la cámara adentro los dejás en planta permanente que inventas todos planes que lo único que hacen es aumentar el gasto Y sabes cómo aumentas el gasto haciendo pomada a las empresas a las pymes a los que trabajan al salario de la gente que cayó un 30% Entonces no me vengas con plancitos que lo que que llevan a los chicos de vacaciones a Bariloche vamos por 46 millones de argentinos a bajarle la inflación a no tener más déficit a tener un país ordenado a que la gente pueda tener crédito dejate de con esos vamos en serio nosotros junos por el cambio a cambiar la Argentina el turno";"2023-10-09";"https://www.youtube.com/watch?v=rSgyeo5MRUw"
"pregunta";"preguntas cruzadas";"Juan Schiaretti";"1:24:30";"1:24:46";"Miriam he visto presidente latinoamericano como el presidente Gori o el Pepe Mojica que son progresistas en serio y no jarabe de pico como es el quinero defender el equilibrio fiscal está de acuerdo con eso Mire lo del";"2023-10-09";"https://www.youtube.com/watch?v=rSgyeo5MRUw"
"respuesta";"preguntas cruzadas";"Myriam Bregman";"1:24:47";"1:40:08";"equilibrio fiscal está bueno que me lo pregunte porque son esas frases hechas que inventaron los liberales y que todos van copiando el problema la Argentina sabe cuál es el problema de la Argentina es que durante el gobierno de macri que usted apoyó y el de el que está gobernando el frente de todos Unión por la patria lo que se produjo es una división donde los ricos se hicieron más ricos y los que trabajan se hicieron más pobres a Cada trabajador le robaron en promedio el valor de de su salario el valor de un auto 0 km Entonces ustedes se llenan la boca hablando de ibo fiscal déficit fiscal todas esas frases que no conducen nada más que ajustar al pueblo porque del pbi hay cinco puntos que cada año se llevan los grandes empresarios que usted defiende como las automotrices Gracias candidata ahora es el turno en que pregunte Patricia bulrich y responda Sergio maa los bolsos de López los hoteles de Cristina y el chalde maa el país entero se pregunta Cuándo van a dejar de afanar bueno en primer lugar te quiero decir Patricia que ser vulgar o hablar canyengue no te va a ha ser más popular de Cara a la elección y no alcanza con gritar para correr o corregir la mala performancia electoral que estás haciendo quiero decirte que a lo largo de estos años la ley del arrepentido que tiene la Argentina es de mi autoría la suba de las penas en los delitos de corrupción fue parte de las leyes del paquete de leyes que yo planteé entre el 2015 y el 19 siendo diputado de manera tal que sería bueno que votes la ley que nos permite saber quiénes son los familiares que fugaron plata a Estados Unidos última pregunta de la tercera ronda Miriam bregman pregunta responde Javier Miley usted niega el cambio climático niega el genocidio niega los 30.000 detenidos desaparecidos niega arcado niega también los femicidios A ver primero no mienta Yo no niego el cambio climático lo que yo digo es que existe en la historia de la tierra un ciclo de temperaturas es decir hay un comportamiento cíclico y este es el quinto punto del ciclo donde sabe cuál es la diferencia con los cuatro anteriores que antes no estaba el ser humano y ahora sí está el ser humano por lo tanto todas esas políticas que culpan al ser humano del cambio climático son falsas y lo único que buscan esas políticas es recaudar fondos Sí para financiar vagos socialistas que escriben papers de cuarta para digamos no digamos que femicidio di hay que aplicar la ley igualdad an la ley pero no violes la ley que establecimos en el debate Gracias candidato llegamos a la cuarta ronda todos y todas van a preguntar por última vez todos y todas Van a responder por última vez en este momento pregunta Patricia bulrich y responde Miriam bregman los países socialistas tienen ejércitos fuertes Con la bota bien puesta ahora acá en la Argentina Por qué odias tanto a la fuerza de seguridad y a las fuerzas armadas Por qué las odias tanto por qué no lo reconoces como trabajadores en serio Patricia me vas a preguntar eso Bueno le voy a contar a Patricia que parece que se olvidó que cuando ella dirigía a las fuerzas de seguridad desapareció Santiago Maldonado asesinaron por la espalda a Rafael nahuel defendió a los policías de gatillo fácil como chocobar que lo reivindicó hoy al principio y ella introduce el tema La verdad es que debería explicar además de Por qué hacer esto le vendió armamento a Bolivia durante el golpe de estado Por qué también reconocieron al gobierno de Brasil después del golpe contra Dilma Por qué apoyan El golpe de estado en Perú Gracias candidata sus 45 segundos han terminado Muchas gracias el turno de la pregunta de Sergio maa responde Juan Esti querido Juan hace pocos días nos enteramos que Argentina va a ser sede del mundial 2030 y propuse que Córdoba sea una de las subsedes y te quiero preguntar si me vas a acompañar en el que Define desde el día 27 a Córdoba como subsede en primer lugar antes de que vos hablaras ya había propuesto yo por Twitter lo explicamos Cómo estamos remodelando El kempe para llevarlo a 72000 ubicaciones para poder ser sede en segundo lugar Claro que toda Argentina tiene que pelear junta para ser sede y yo ofrecí Córdoba antes de que vos te prendiera en eso más y quiero decirte No mientas No mientas con el déficit de la caja de jubilaciones porque lo que yo te estoy diciendo es que cumplas con la ley de este año del 2023 no que nos hagas una promesa para el año 2024 cuando mandaste el presupuesto sin actualización y estamos cobrando las 12 provincias menos del 15% de lo que nos corresponde porque masa no cumple con la ley Nosotros le iniciamos juicio obviamente Gracias candidato en este caso pregunta Javier Miley y responde Patricia bulrich bulrich hace 7 días le pregunté por las lelic y me contestó 4 días después por el tipo de cambio paralelo me puedes contestar ahora qué hacía melconian con el señor masa negociando la Sira mi ley miente miente y miente y cree que alguien le va a creer Carlos melconian es parte del equipo que va a gobernar el Ministerio de economía en los próximos años y es una persona seria no no lee libritos como usted Así que quiere saber lo que son las lelic lo que ustedes van a hacer puré con la dolarización ustedes las lelic las van a como dijo el otro día Cuanto más al Cuanto más alto esté el dólar mejor total 46 millones de argentinos se estrellan con el salario bajísimo las lelic son exactamente lo que ustedes quieren hacer un plan bonex para que de ahí salga la dolarización la dolarización es con salarios de hambre para la gente Ese es su plan mi le Ese es su plan el turno para preguntar a Miriam bregman en este caso debe responder Sergio maa usted propuso Un gobierno de unidada nacional conjuntos por el cambio con liberales de mile y villarruel y a la par dice votame porque vienen por tus derechos no se entiende usted a la derecha propone ganarle metiéndola en su gobierno Me parece que hay algunos dirigentes políticos que no entienden que Argentina el 10 de diciembre empieza una nueva etapa y que necesitamos los mejores no importa donde hayan participado en política Ojalá haya dirigentes de izquierda que se quieran comprometer con la agenda feminista Ojalá haya dirigentes liberales que tengan vocación de trabajar en el superávit fiscal que vamos a construir Ojalá tengamos dirigentes radicales que quieran acompañarnos en una mejor construcción de justicia y educación en la Argentina Ojalá tengamos provincias argentinas un programa de desarrollo en el que se incorporen los partidos provinciales los mejores no los partidos Gracias candidato y llegamos a la última pregunta Cruzada de este debate pregunta juanti Y responde Javier m Quiero preguntarle si usted va a mantener la adhesión de Argentina Los acuerdos de París y también a la agenda 2030 qu opin sobre es bueno en primero nosotros no vamos a adherir a la agenda 2030 nosotros no adherimos al marxismo cultural nosotros no adherimos a la decadencia ahora si usted está preocupado por los temas medioambientales Nosotros somos el único espacio que presentó toda una agenda energética cuando presentamos nuestro programa que contiene todas las restricciones dignas que son aplicables en Europa por lo tanto si a usted le está preocupando en esa parte en la cuestión energética nosotros estamos sobre cumplidos y por otra parte mencionó antes el tema de la dolarización sabe cuál es el principal problema del tema de valorización que a diferencia de todos ustedes para mí robar está mal y falsificar dinero desde el Banco Central es una estafa que todos ustedes avalan bien finalizaron las preguntas cruzadas Ahora nos vamos a un corte y después de la pausa cada candidato y candidata tendrá su último minuto antes de finalizar este segundo debate presidencial 2023 ya volvemos [Música] [Música] seguimos en la facultad de derecho de la Universidad de Buenos Aires en este segundo debate presidencial 2023 y como les anticipamos en este último bloque cada candidato y cada candidata va a tener un minuto libre para concluir su participación en el debate quien Abre este espacio es la candidata Miriam bregman tenemos un desafío enorme por delante y tenemos que dar un mensaje contundente no somos ni sometidos ni Cómplices este 22 de octubre hay cinco fórmulas presidenciales y te pedimos que elijas según tus convicciones según tus valores que no te resignas además sabés la importancia de tener diputados y diputadas de izquierda en el congreso que que no se van a vender no se van a dar vuelta no vamos a salir de esta con salvadores individuales esta lucha necesita que te involucres a trabajadores mujeres jóvenes les pido eso porque necesitamos enfrentar lo que viene defender nuestros derechos e ir por más así que esta Campaña tomala en tus manos vos sabés que hacemos todo a pulmón difundamos la por todo el país llevemos la a cada lugar y te propongo algo levanta la izquierda la izquierda Muchas gracias Ahora tienes un minuto Javier m a la luz de los contenidos expresados en el debate siento que la casta política aquí presente nos está tomando el pelo este debate como en el anterior termina siendo una pantomina irritante los políticos que hace 40 años enriquecen y empobrecen a los argentinos de bien se citan para explicar Por Televisión Abierta Cómo van a solucionar los problemas que ellos mismos nos han causado les debería dar vergüenza sin embargo ninguno les pidió Perdón ninguno resignó un privilegio ninguno trató de terminar con el modelo de la casta ninguno dio un paso al costado a pesar de su estrepitoso fracaso Y claro no lo van a hacer porque están atornillados a los carguito por eso ellos no pueden ser la la solución al problema porque son el problema Por ende le pido a todos los de bien que están mirando el debate y que se pregunten ustedes creen que una Argentina distinta es posible con los mismos de siempre minuto final para Patricia bulrich yo soy una luchadora luché toda mi vida contra los poderosos y corruptos que se creen dueños de todo contra los que reinaron este país hermoso contra los que abusan del poder que tienen y te aseguro a Estos tipos no los derrotas con discursos lindos los está siendo más fuerte que ellos yo los enfrenté siempre y como presidenta los voy a seguir enfrentando para que vos tengas el país que te mereces para que tu hijo no se vaya del país para que puedas vivir y trabajar en paz para que los corruptos no te sigan robando para que los chicos tengan 19 90 días de clases ni uno menos el 22 de octubre el poder cambia y lo tenés vos en tus manos usalo usalo para decirle no al quismo y para decir a un cambio de verdad el cambio de Juntos por el cambio es ahora el turno de Juan esiti compatriotas como le dije la semana pasada no está escrito en ningún lado que los argentinos estemos condenados al fracaso al fracaso Nos llevaron el quiner ismo y el macrismo cuyos candidatos hoy son Sergio maa y Patricia eso es lo que nos llevó al fracaso creo además de quey otras propuestas que no se aplicaron en ningún lado del mundo y que significan un viaje a lo desconocido y no mostraron experiencia de gestión en ningún lado por mi parte además de mostrar mi gestión al frente de mi provincia que la hizo progresar y por eso nos siguen apoyando con su voto los cordobeses defendí al interior porque soy el único candidato del interior profundo de la patria defendí el interior frente al centralismo del amba y les pido que me acompañen con su voto para hacer un país normal y federal ahora cierra Sergio maa probablemente este minuto sea uno de los más importantes de mi vida y quiero contarte Cuál es el camino que la Argentina tiene que elegir los próximos 4 años Volver atrás un salto al vacío o apostar a un modelo de producción y desarrollo quiero hablarte a vos que sos mamá y protegerte de esos que promueven la libre venta de armas quiero hablarte a vos que sos científico y docente y que crees en nuestros investigadores y la educación pública Quiero hablarle a nuestras pymes a nuestros trabajadores y decirles que vamos a pelear por la distribución del ingreso Argentina está saliendo de una crisis tal vez la peor de los últimos 20 años y lo peor ya pasó el 22 de octubre vos tenés un minuto importante porque seguramente vas a decidir por los próximos 4 años te pido que vayas sin bronca y odio te pido que vayas a buscar la bandera Argentina al cuarto oscuro y así terminamos este segundo debate presidencial 2023 fue un honor participar como moderadora Muchas gracias Lo mismo digo un privilegio participar de este debate presidencial que es muy importante para la democracia Argentina en caso de que balot en las próximas elecciones del 22 de octubre nos vamos a encontrar para un tercer debate en esta casa de estudios será el 12 de noviembre muchas gracias buenas noches gracias";"2023-10-09";"https://www.youtube.com/watch?v=rSgyeo5MRUw"
"pregunta";"preguntas cruzadas";"Patricia Bullrich";"1:25:40";"1:25:52";"hoteles de Cristina y el chalde maa el país entero se pregunta Cuándo van a dejar de afanar bueno en primer lugar te quiero";"2023-10-09";"https://www.youtube.com/watch?v=rSgyeo5MRUw"
"respuesta";"preguntas cruzadas";"Sergio Massa";"1:25:53";"1:26:38";"decir Patricia que ser vulgar o hablar canyengue no te va a ha ser más popular de Cara a la elección y no alcanza con gritar para correr o corregir la mala performancia electoral que estás haciendo quiero decirte que a lo largo de estos años la ley del arrepentido que tiene la Argentina es de mi autoría la suba de las penas en los delitos de corrupción fue parte de las leyes del paquete de leyes que yo planteé entre el 2015 y el 19 siendo diputado de manera tal que sería bueno que votes la ley que nos permite saber quiénes son los familiares que fugaron plata a Estados Unidos última pregunta de la tercera";"2023-10-09";"https://www.youtube.com/watch?v=rSgyeo5MRUw"
"pregunta";"preguntas cruzadas";"Myriam Bregman";"1:26:44";"1:26:56";"climático niega el genocidio niega los 30.000 detenidos desaparecidos niega arcado niega también los femicidios A ver primero no mienta Yo no";"2023-10-09";"https://www.youtube.com/watch?v=rSgyeo5MRUw"
"respuesta";"preguntas cruzadas";"Javier Milei";"1:26:57";"1:27:45";"niego el cambio climático lo que yo digo es que existe en la historia de la tierra un ciclo de temperaturas es decir hay un comportamiento cíclico y este es el quinto punto del ciclo donde sabe cuál es la diferencia con los cuatro anteriores que antes no estaba el ser humano y ahora sí está el ser humano por lo tanto todas esas políticas que culpan al ser humano del cambio climático son falsas y lo único que buscan esas políticas es recaudar fondos Sí para financiar vagos socialistas que escriben papers de cuarta para digamos no digamos que femicidio di hay que aplicar la ley igualdad an la ley pero no violes la ley que establecimos en el debate Gracias";"2023-10-09";"https://www.youtube.com/watch?v=rSgyeo5MRUw"
"pregunta";"preguntas cruzadas";"Patricia Bullrich";"1:28:00";"1:28:13";"ejércitos fuertes Con la bota bien puesta ahora acá en la Argentina Por qué odias tanto a la fuerza de seguridad y a las fuerzas armadas Por qué las odias tanto por qué no lo reconoces como";"2023-10-09";"https://www.youtube.com/watch?v=rSgyeo5MRUw"
"respuesta";"preguntas cruzadas";"Myriam Bregman";"1:28:15";"1:29:00";"preguntar eso Bueno le voy a contar a Patricia que parece que se olvidó que cuando ella dirigía a las fuerzas de seguridad desapareció Santiago Maldonado asesinaron por la espalda a Rafael nahuel defendió a los policías de gatillo fácil como chocobar que lo reivindicó hoy al principio y ella introduce el tema La verdad es que debería explicar además de Por qué hacer esto le vendió armamento a Bolivia durante el golpe de estado Por qué también reconocieron al gobierno de Brasil después del golpe contra Dilma Por qué apoyan El golpe de estado en";"2023-10-09";"https://www.youtube.com/watch?v=rSgyeo5MRUw"
"pregunta";"preguntas cruzadas";"Sergio Massa";"1:29:09";"1:29:26";"enteramos que Argentina va a ser sede del mundial 2030 y propuse que Córdoba sea una de las subsedes y te quiero preguntar si me vas a acompañar en el que Define desde el día 27 a Córdoba como subsede en primer lugar antes de";"2023-10-09";"https://www.youtube.com/watch?v=rSgyeo5MRUw"
"respuesta";"preguntas cruzadas";"Juan Schiaretti";"1:29:27";"1:30:14";"que vos hablaras ya había propuesto yo por Twitter lo explicamos Cómo estamos remodelando El kempe para llevarlo a 72000 ubicaciones para poder ser sede en segundo lugar Claro que toda Argentina tiene que pelear junta para ser sede y yo ofrecí Córdoba antes de que vos te prendiera en eso más y quiero decirte No mientas No mientas con el déficit de la caja de jubilaciones porque lo que yo te estoy diciendo es que cumplas con la ley de este año del 2023 no que nos hagas una promesa para el año 2024 cuando mandaste el presupuesto sin actualización y estamos cobrando las 12 provincias menos del 15% de lo que nos corresponde porque masa no cumple con la ley Nosotros le iniciamos juicio";"2023-10-09";"https://www.youtube.com/watch?v=rSgyeo5MRUw"
"pregunta";"preguntas cruzadas";"Javier Milei";"1:30:21";"1:30:25";"pregunté por las lelic y me contestó 4";"2023-10-09";"https://www.youtube.com/watch?v=rSgyeo5MRUw"
"respuesta";"preguntas cruzadas";"Patricia Bullrich";"1:30:36";"1:31:22";"y miente y cree que alguien le va a creer Carlos melconian es parte del equipo que va a gobernar el Ministerio de economía en los próximos años y es una persona seria no no lee libritos como usted Así que quiere saber lo que son las lelic lo que ustedes van a hacer puré con la dolarización ustedes las lelic las van a como dijo el otro día Cuanto más al Cuanto más alto esté el dólar mejor total 46 millones de argentinos se estrellan con el salario bajísimo las lelic son exactamente lo que ustedes quieren hacer un plan bonex para que de ahí salga la dolarización la dolarización es con salarios de hambre para la gente Ese es su plan mi le Ese";"2023-10-09";"https://www.youtube.com/watch?v=rSgyeo5MRUw"
"pregunta";"preguntas cruzadas";"Myriam Bregman";"1:31:29";"1:31:42";"gobierno de unidada nacional conjuntos por el cambio con liberales de mile y villarruel y a la par dice votame porque vienen por tus derechos no se entiende usted a la derecha propone ganarle metiéndola en su";"2023-10-09";"https://www.youtube.com/watch?v=rSgyeo5MRUw"
"respuesta";"preguntas cruzadas";"Sergio Massa";"1:31:43";"1:32:31";"gobierno Me parece que hay algunos dirigentes políticos que no entienden que Argentina el 10 de diciembre empieza una nueva etapa y que necesitamos los mejores no importa donde hayan participado en política Ojalá haya dirigentes de izquierda que se quieran comprometer con la agenda feminista Ojalá haya dirigentes liberales que tengan vocación de trabajar en el superávit fiscal que vamos a construir Ojalá tengamos dirigentes radicales que quieran acompañarnos en una mejor construcción de justicia y educación en la Argentina Ojalá tengamos provincias argentinas un programa de desarrollo en el que se incorporen los partidos provinciales los mejores no los partidos Gracias candidato y llegamos a";"2023-10-09";"https://www.youtube.com/watch?v=rSgyeo5MRUw"
"pregunta";"preguntas cruzadas";"Juan Schiaretti";"1:32:40";"1:32:50";"m Quiero preguntarle si usted va a mantener la adhesión de Argentina Los acuerdos de París y también a la agenda 2030 qu opin sobre es bueno en primero";"2023-10-09";"https://www.youtube.com/watch?v=rSgyeo5MRUw"
"respuesta";"preguntas cruzadas";"Javier Milei";"1:32:51";"1:33:38";"nosotros no vamos a adherir a la agenda 2030 nosotros no adherimos al marxismo cultural nosotros no adherimos a la decadencia ahora si usted está preocupado por los temas medioambientales Nosotros somos el único espacio que presentó toda una agenda energética cuando presentamos nuestro programa que contiene todas las restricciones dignas que son aplicables en Europa por lo tanto si a usted le está preocupando en esa parte en la cuestión energética nosotros estamos sobre cumplidos y por otra parte mencionó antes el tema de la dolarización sabe cuál es el principal problema del tema de valorización que a diferencia de todos ustedes para mí robar está mal y falsificar dinero desde el Banco Central es una estafa que todos ustedes avalan bien finalizaron las";"2023-10-09";"https://www.youtube.com/watch?v=rSgyeo5MRUw"
"turno";"cierre";"Myriam Bregman";"1:34:28";"1:35:22";"delante y tenemos que dar un mensaje contundente no somos ni sometidos ni Cómplices este 22 de octubre hay cinco fórmulas presidenciales y te pedimos que elijas según tus convicciones según tus valores que no te resignas además sabés la importancia de tener diputados y diputadas de izquierda en el congreso que que no se van a vender no se van a dar vuelta no vamos a salir de esta con salvadores individuales esta lucha necesita que te involucres a trabajadores mujeres jóvenes les pido eso porque necesitamos enfrentar lo que viene defender nuestros derechos e ir por más así que esta Campaña tomala en tus manos vos sabés que hacemos todo a pulmón difundamos la por todo el país llevemos la a cada lugar y te propongo algo levanta la izquierda la izquierda";"2023-10-09";"https://www.youtube.com/watch?v=rSgyeo5MRUw"
"turno";"cierre";"Javier Milei";"1:35:28";"1:36:30";"el debate siento que la casta política aquí presente nos está tomando el pelo este debate como en el anterior termina siendo una pantomina irritante los políticos que hace 40 años enriquecen y empobrecen a los argentinos de bien se citan para explicar Por Televisión Abierta Cómo van a solucionar los problemas que ellos mismos nos han causado les debería dar vergüenza sin embargo ninguno les pidió Perdón ninguno resignó un privilegio ninguno trató de terminar con el modelo de la casta ninguno dio un paso al costado a pesar de su estrepitoso fracaso Y claro no lo van a hacer porque están atornillados a los carguito por eso ellos no pueden ser la la solución al problema porque son el problema Por ende le pido a todos los de bien que están mirando el debate y que se pregunten ustedes creen que una Argentina distinta es posible con los mismos de siempre minuto final para Patricia";"2023-10-09";"https://www.youtube.com/watch?v=rSgyeo5MRUw"
"turno";"cierre";"Patricia Bullrich";"1:36:35";"1:37:26";"mi vida contra los poderosos y corruptos que se creen dueños de todo contra los que reinaron este país hermoso contra los que abusan del poder que tienen y te aseguro a Estos tipos no los derrotas con discursos lindos los está siendo más fuerte que ellos yo los enfrenté siempre y como presidenta los voy a seguir enfrentando para que vos tengas el país que te mereces para que tu hijo no se vaya del país para que puedas vivir y trabajar en paz para que los corruptos no te sigan robando para que los chicos tengan 19 90 días de clases ni uno menos el 22 de octubre el poder cambia y lo tenés vos en tus manos usalo usalo para decirle no al quismo y para decir a un cambio de verdad el cambio de Juntos por el cambio es ahora el turno";"2023-10-09";"https://www.youtube.com/watch?v=rSgyeo5MRUw"
"turno";"cierre";"Juan Schiaretti";"1:37:29";"1:38:30";"esiti compatriotas como le dije la semana pasada no está escrito en ningún lado que los argentinos estemos condenados al fracaso al fracaso Nos llevaron el quiner ismo y el macrismo cuyos candidatos hoy son Sergio maa y Patricia eso es lo que nos llevó al fracaso creo además de quey otras propuestas que no se aplicaron en ningún lado del mundo y que significan un viaje a lo desconocido y no mostraron experiencia de gestión en ningún lado por mi parte además de mostrar mi gestión al frente de mi provincia que la hizo progresar y por eso nos siguen apoyando con su voto los cordobeses defendí al interior porque soy el único candidato del interior profundo de la patria defendí el interior frente al centralismo del amba y les pido que me acompañen con su voto para hacer un país normal y federal ahora cierra Sergio";"2023-10-09";"https://www.youtube.com/watch?v=rSgyeo5MRUw"
"turno";"cierre";"Sergio Massa";"1:38:33";"1:39:35";"maa probablemente este minuto sea uno de los más importantes de mi vida y quiero contarte Cuál es el camino que la Argentina tiene que elegir los próximos 4 años Volver atrás un salto al vacío o apostar a un modelo de producción y desarrollo quiero hablarte a vos que sos mamá y protegerte de esos que promueven la libre venta de armas quiero hablarte a vos que sos científico y docente y que crees en nuestros investigadores y la educación pública Quiero hablarle a nuestras pymes a nuestros trabajadores y decirles que vamos a pelear por la distribución del ingreso Argentina está saliendo de una crisis tal vez la peor de los últimos 20 años y lo peor ya pasó el 22 de octubre vos tenés un minuto importante porque seguramente vas a decidir por los próximos 4 años te pido que vayas sin bronca y odio te pido que vayas a buscar la bandera Argentina al cuarto oscuro y así terminamos este segundo";"2023-10-09";"https://www.youtube.com/watch?v=rSgyeo5MRUw"
